geography,period,area_code,area_name,language,n
Ward,2011,E05000819,Altrincham,English (English or Welsh if in Wales),10261
Ward,2011,E05000819,Altrincham,Welsh/Cymraeg (in England only),9
Ward,2011,E05000819,Altrincham,Gaelic (Irish),1
Ward,2011,E05000819,Altrincham,Gaelic (Scottish),0
Ward,2011,E05000819,Altrincham,Manx Gaelic,1
Ward,2011,E05000819,Altrincham,Gaelic (Not otherwise specified),0
Ward,2011,E05000819,Altrincham,Cornish,0
Ward,2011,E05000819,Altrincham,Scots,1
Ward,2011,E05000819,Altrincham,Gypsy/Traveller languages,0
Ward,2011,E05000819,Altrincham,French,44
Ward,2011,E05000819,Altrincham,Portuguese,8
Ward,2011,E05000819,Altrincham,Spanish,24
Ward,2011,E05000819,Altrincham,Italian,17
Ward,2011,E05000819,Altrincham,German,18
Ward,2011,E05000819,Altrincham,Polish,152
Ward,2011,E05000819,Altrincham,Slovak,25
Ward,2011,E05000819,Altrincham,Czech,18
Ward,2011,E05000819,Altrincham,Romanian,9
Ward,2011,E05000819,Altrincham,Lithuanian,2
Ward,2011,E05000819,Altrincham,Latvian,0
Ward,2011,E05000819,Altrincham,Hungarian,10
Ward,2011,E05000819,Altrincham,Bulgarian,6
Ward,2011,E05000819,Altrincham,Greek,6
Ward,2011,E05000819,Altrincham,Dutch,4
Ward,2011,E05000819,Altrincham,Swedish,4
Ward,2011,E05000819,Altrincham,Danish,0
Ward,2011,E05000819,Altrincham,Finnish,3
Ward,2011,E05000819,Altrincham,Estonian,0
Ward,2011,E05000819,Altrincham,Slovenian,1
Ward,2011,E05000819,Altrincham,Maltese,0
Ward,2011,E05000819,Altrincham,Any other European Language (EU),7
Ward,2011,E05000819,Altrincham,Albanian,3
Ward,2011,E05000819,Altrincham,Serbian/Croatian/Bosnian,5
Ward,2011,E05000819,Altrincham,Ukrainian,0
Ward,2011,E05000819,Altrincham,Any other Eastern European Language (non EU),0
Ward,2011,E05000819,Altrincham,Northern European Language (non EU),0
Ward,2011,E05000819,Altrincham,Romani language (any),0
Ward,2011,E05000819,Altrincham,Yiddish,0
Ward,2011,E05000819,Altrincham,Russian,15
Ward,2011,E05000819,Altrincham,Turkish,2
Ward,2011,E05000819,Altrincham,Arabic,17
Ward,2011,E05000819,Altrincham,Hebrew,1
Ward,2011,E05000819,Altrincham,Kurdish,1
Ward,2011,E05000819,Altrincham,Persian/Farsi,15
Ward,2011,E05000819,Altrincham,Pashto,4
Ward,2011,E05000819,Altrincham,West/Central Asian Language (all other),1
Ward,2011,E05000819,Altrincham,Urdu,35
Ward,2011,E05000819,Altrincham,Hindi,22
Ward,2011,E05000819,Altrincham,Panjabi,11
Ward,2011,E05000819,Altrincham,Pakistani Pahari (with Mirpuri and Potwari),0
Ward,2011,E05000819,Altrincham,Bengali (with Sylheti and Chatgaya),15
Ward,2011,E05000819,Altrincham,Gujarati,11
Ward,2011,E05000819,Altrincham,Marathi,0
Ward,2011,E05000819,Altrincham,Telugu,5
Ward,2011,E05000819,Altrincham,Tamil,17
Ward,2011,E05000819,Altrincham,Malayalam,3
Ward,2011,E05000819,Altrincham,Sinhala,2
Ward,2011,E05000819,Altrincham,Nepalese,0
Ward,2011,E05000819,Altrincham,South Asian Language (all other),11
Ward,2011,E05000819,Altrincham,Mandarin Chinese,10
Ward,2011,E05000819,Altrincham,Cantonese Chinese,17
Ward,2011,E05000819,Altrincham,All other Chinese,42
Ward,2011,E05000819,Altrincham,Japanese,8
Ward,2011,E05000819,Altrincham,Korean,3
Ward,2011,E05000819,Altrincham,Vietnamese,1
Ward,2011,E05000819,Altrincham,Thai,3
Ward,2011,E05000819,Altrincham,Malay,0
Ward,2011,E05000819,Altrincham,Tagalog/Filipino,15
Ward,2011,E05000819,Altrincham,East Asian Language (all other),2
Ward,2011,E05000819,Altrincham,Oceanic/Australian language (any),0
Ward,2011,E05000819,Altrincham,North/South American language (any),0
Ward,2011,E05000819,Altrincham,Caribbean Creole (English-based),1
Ward,2011,E05000819,Altrincham,Caribbean Creole (all other),0
Ward,2011,E05000819,Altrincham,Amharic,0
Ward,2011,E05000819,Altrincham,Tigrinya,0
Ward,2011,E05000819,Altrincham,Somali,2
Ward,2011,E05000819,Altrincham,Krio,0
Ward,2011,E05000819,Altrincham,Akan,2
Ward,2011,E05000819,Altrincham,Yoruba,1
Ward,2011,E05000819,Altrincham,Igbo,0
Ward,2011,E05000819,Altrincham,Swahili/Kiswahili,0
Ward,2011,E05000819,Altrincham,Luganda,0
Ward,2011,E05000819,Altrincham,Lingala,0
Ward,2011,E05000819,Altrincham,Shona,1
Ward,2011,E05000819,Altrincham,Afrikaans,2
Ward,2011,E05000819,Altrincham,Any other Nigerian language,5
Ward,2011,E05000819,Altrincham,West African language (all other),0
Ward,2011,E05000819,Altrincham,African language (all other),3
Ward,2011,E05000819,Altrincham,All other languages,3
Ward,2011,E05000819,Altrincham,British sign language,5
Ward,2011,E05000819,Altrincham,Sign Language (all other),2
Ward,2011,E05000819,Altrincham,Any Sign Communication System,0
Ward,2011,E05000820,Ashton upon Mersey,English (English or Welsh if in Wales),9049
Ward,2011,E05000820,Ashton upon Mersey,Welsh/Cymraeg (in England only),6
Ward,2011,E05000820,Ashton upon Mersey,Gaelic (Irish),0
Ward,2011,E05000820,Ashton upon Mersey,Gaelic (Scottish),0
Ward,2011,E05000820,Ashton upon Mersey,Manx Gaelic,0
Ward,2011,E05000820,Ashton upon Mersey,Gaelic (Not otherwise specified),0
Ward,2011,E05000820,Ashton upon Mersey,Cornish,0
Ward,2011,E05000820,Ashton upon Mersey,Scots,0
Ward,2011,E05000820,Ashton upon Mersey,Gypsy/Traveller languages,0
Ward,2011,E05000820,Ashton upon Mersey,French,14
Ward,2011,E05000820,Ashton upon Mersey,Portuguese,2
Ward,2011,E05000820,Ashton upon Mersey,Spanish,11
Ward,2011,E05000820,Ashton upon Mersey,Italian,5
Ward,2011,E05000820,Ashton upon Mersey,German,8
Ward,2011,E05000820,Ashton upon Mersey,Polish,45
Ward,2011,E05000820,Ashton upon Mersey,Slovak,10
Ward,2011,E05000820,Ashton upon Mersey,Czech,4
Ward,2011,E05000820,Ashton upon Mersey,Romanian,2
Ward,2011,E05000820,Ashton upon Mersey,Lithuanian,1
Ward,2011,E05000820,Ashton upon Mersey,Latvian,0
Ward,2011,E05000820,Ashton upon Mersey,Hungarian,6
Ward,2011,E05000820,Ashton upon Mersey,Bulgarian,1
Ward,2011,E05000820,Ashton upon Mersey,Greek,3
Ward,2011,E05000820,Ashton upon Mersey,Dutch,2
Ward,2011,E05000820,Ashton upon Mersey,Swedish,3
Ward,2011,E05000820,Ashton upon Mersey,Danish,0
Ward,2011,E05000820,Ashton upon Mersey,Finnish,2
Ward,2011,E05000820,Ashton upon Mersey,Estonian,1
Ward,2011,E05000820,Ashton upon Mersey,Slovenian,0
Ward,2011,E05000820,Ashton upon Mersey,Maltese,0
Ward,2011,E05000820,Ashton upon Mersey,Any other European Language (EU),0
Ward,2011,E05000820,Ashton upon Mersey,Albanian,0
Ward,2011,E05000820,Ashton upon Mersey,Serbian/Croatian/Bosnian,1
Ward,2011,E05000820,Ashton upon Mersey,Ukrainian,0
Ward,2011,E05000820,Ashton upon Mersey,Any other Eastern European Language (non EU),0
Ward,2011,E05000820,Ashton upon Mersey,Northern European Language (non EU),0
Ward,2011,E05000820,Ashton upon Mersey,Romani language (any),0
Ward,2011,E05000820,Ashton upon Mersey,Yiddish,0
Ward,2011,E05000820,Ashton upon Mersey,Russian,3
Ward,2011,E05000820,Ashton upon Mersey,Turkish,0
Ward,2011,E05000820,Ashton upon Mersey,Arabic,15
Ward,2011,E05000820,Ashton upon Mersey,Hebrew,0
Ward,2011,E05000820,Ashton upon Mersey,Kurdish,6
Ward,2011,E05000820,Ashton upon Mersey,Persian/Farsi,18
Ward,2011,E05000820,Ashton upon Mersey,Pashto,2
Ward,2011,E05000820,Ashton upon Mersey,West/Central Asian Language (all other),2
Ward,2011,E05000820,Ashton upon Mersey,Urdu,12
Ward,2011,E05000820,Ashton upon Mersey,Hindi,4
Ward,2011,E05000820,Ashton upon Mersey,Panjabi,11
Ward,2011,E05000820,Ashton upon Mersey,Pakistani Pahari (with Mirpuri and Potwari),0
Ward,2011,E05000820,Ashton upon Mersey,Bengali (with Sylheti and Chatgaya),2
Ward,2011,E05000820,Ashton upon Mersey,Gujarati,5
Ward,2011,E05000820,Ashton upon Mersey,Marathi,0
Ward,2011,E05000820,Ashton upon Mersey,Telugu,0
Ward,2011,E05000820,Ashton upon Mersey,Tamil,3
Ward,2011,E05000820,Ashton upon Mersey,Malayalam,0
Ward,2011,E05000820,Ashton upon Mersey,Sinhala,0
Ward,2011,E05000820,Ashton upon Mersey,Nepalese,0
Ward,2011,E05000820,Ashton upon Mersey,South Asian Language (all other),1
Ward,2011,E05000820,Ashton upon Mersey,Mandarin Chinese,2
Ward,2011,E05000820,Ashton upon Mersey,Cantonese Chinese,8
Ward,2011,E05000820,Ashton upon Mersey,All other Chinese,26
Ward,2011,E05000820,Ashton upon Mersey,Japanese,1
Ward,2011,E05000820,Ashton upon Mersey,Korean,3
Ward,2011,E05000820,Ashton upon Mersey,Vietnamese,0
Ward,2011,E05000820,Ashton upon Mersey,Thai,4
Ward,2011,E05000820,Ashton upon Mersey,Malay,2
Ward,2011,E05000820,Ashton upon Mersey,Tagalog/Filipino,1
Ward,2011,E05000820,Ashton upon Mersey,East Asian Language (all other),0
Ward,2011,E05000820,Ashton upon Mersey,Oceanic/Australian language (any),0
Ward,2011,E05000820,Ashton upon Mersey,North/South American language (any),0
Ward,2011,E05000820,Ashton upon Mersey,Caribbean Creole (English-based),0
Ward,2011,E05000820,Ashton upon Mersey,Caribbean Creole (all other),0
Ward,2011,E05000820,Ashton upon Mersey,Amharic,0
Ward,2011,E05000820,Ashton upon Mersey,Tigrinya,0
Ward,2011,E05000820,Ashton upon Mersey,Somali,0
Ward,2011,E05000820,Ashton upon Mersey,Krio,0
Ward,2011,E05000820,Ashton upon Mersey,Akan,0
Ward,2011,E05000820,Ashton upon Mersey,Yoruba,0
Ward,2011,E05000820,Ashton upon Mersey,Igbo,0
Ward,2011,E05000820,Ashton upon Mersey,Swahili/Kiswahili,1
Ward,2011,E05000820,Ashton upon Mersey,Luganda,0
Ward,2011,E05000820,Ashton upon Mersey,Lingala,0
Ward,2011,E05000820,Ashton upon Mersey,Shona,0
Ward,2011,E05000820,Ashton upon Mersey,Afrikaans,0
Ward,2011,E05000820,Ashton upon Mersey,Any other Nigerian language,0
Ward,2011,E05000820,Ashton upon Mersey,West African language (all other),3
Ward,2011,E05000820,Ashton upon Mersey,African language (all other),0
Ward,2011,E05000820,Ashton upon Mersey,All other languages,2
Ward,2011,E05000820,Ashton upon Mersey,British sign language,2
Ward,2011,E05000820,Ashton upon Mersey,Sign Language (all other),2
Ward,2011,E05000820,Ashton upon Mersey,Any Sign Communication System,0
Ward,2011,E05000821,Bowdon,English (English or Welsh if in Wales),8638
Ward,2011,E05000821,Bowdon,Welsh/Cymraeg (in England only),3
Ward,2011,E05000821,Bowdon,Gaelic (Irish),0
Ward,2011,E05000821,Bowdon,Gaelic (Scottish),0
Ward,2011,E05000821,Bowdon,Manx Gaelic,0
Ward,2011,E05000821,Bowdon,Gaelic (Not otherwise specified),1
Ward,2011,E05000821,Bowdon,Cornish,0
Ward,2011,E05000821,Bowdon,Scots,0
Ward,2011,E05000821,Bowdon,Gypsy/Traveller languages,0
Ward,2011,E05000821,Bowdon,French,18
Ward,2011,E05000821,Bowdon,Portuguese,1
Ward,2011,E05000821,Bowdon,Spanish,16
Ward,2011,E05000821,Bowdon,Italian,6
Ward,2011,E05000821,Bowdon,German,8
Ward,2011,E05000821,Bowdon,Polish,39
Ward,2011,E05000821,Bowdon,Slovak,9
Ward,2011,E05000821,Bowdon,Czech,3
Ward,2011,E05000821,Bowdon,Romanian,6
Ward,2011,E05000821,Bowdon,Lithuanian,0
Ward,2011,E05000821,Bowdon,Latvian,0
Ward,2011,E05000821,Bowdon,Hungarian,4
Ward,2011,E05000821,Bowdon,Bulgarian,13
Ward,2011,E05000821,Bowdon,Greek,3
Ward,2011,E05000821,Bowdon,Dutch,10
Ward,2011,E05000821,Bowdon,Swedish,2
Ward,2011,E05000821,Bowdon,Danish,3
Ward,2011,E05000821,Bowdon,Finnish,3
Ward,2011,E05000821,Bowdon,Estonian,0
Ward,2011,E05000821,Bowdon,Slovenian,0
Ward,2011,E05000821,Bowdon,Maltese,0
Ward,2011,E05000821,Bowdon,Any other European Language (EU),5
Ward,2011,E05000821,Bowdon,Albanian,2
Ward,2011,E05000821,Bowdon,Serbian/Croatian/Bosnian,2
Ward,2011,E05000821,Bowdon,Ukrainian,0
Ward,2011,E05000821,Bowdon,Any other Eastern European Language (non EU),0
Ward,2011,E05000821,Bowdon,Northern European Language (non EU),0
Ward,2011,E05000821,Bowdon,Romani language (any),0
Ward,2011,E05000821,Bowdon,Yiddish,0
Ward,2011,E05000821,Bowdon,Russian,2
Ward,2011,E05000821,Bowdon,Turkish,6
Ward,2011,E05000821,Bowdon,Arabic,15
Ward,2011,E05000821,Bowdon,Hebrew,0
Ward,2011,E05000821,Bowdon,Kurdish,0
Ward,2011,E05000821,Bowdon,Persian/Farsi,4
Ward,2011,E05000821,Bowdon,Pashto,0
Ward,2011,E05000821,Bowdon,West/Central Asian Language (all other),0
Ward,2011,E05000821,Bowdon,Urdu,39
Ward,2011,E05000821,Bowdon,Hindi,13
Ward,2011,E05000821,Bowdon,Panjabi,18
Ward,2011,E05000821,Bowdon,Pakistani Pahari (with Mirpuri and Potwari),0
Ward,2011,E05000821,Bowdon,Bengali (with Sylheti and Chatgaya),3
Ward,2011,E05000821,Bowdon,Gujarati,2
Ward,2011,E05000821,Bowdon,Marathi,2
Ward,2011,E05000821,Bowdon,Telugu,0
Ward,2011,E05000821,Bowdon,Tamil,5
Ward,2011,E05000821,Bowdon,Malayalam,5
Ward,2011,E05000821,Bowdon,Sinhala,0
Ward,2011,E05000821,Bowdon,Nepalese,0
Ward,2011,E05000821,Bowdon,South Asian Language (all other),1
Ward,2011,E05000821,Bowdon,Mandarin Chinese,2
Ward,2011,E05000821,Bowdon,Cantonese Chinese,5
Ward,2011,E05000821,Bowdon,All other Chinese,12
Ward,2011,E05000821,Bowdon,Japanese,5
Ward,2011,E05000821,Bowdon,Korean,0
Ward,2011,E05000821,Bowdon,Vietnamese,0
Ward,2011,E05000821,Bowdon,Thai,5
Ward,2011,E05000821,Bowdon,Malay,1
Ward,2011,E05000821,Bowdon,Tagalog/Filipino,11
Ward,2011,E05000821,Bowdon,East Asian Language (all other),2
Ward,2011,E05000821,Bowdon,Oceanic/Australian language (any),0
Ward,2011,E05000821,Bowdon,North/South American language (any),0
Ward,2011,E05000821,Bowdon,Caribbean Creole (English-based),0
Ward,2011,E05000821,Bowdon,Caribbean Creole (all other),0
Ward,2011,E05000821,Bowdon,Amharic,0
Ward,2011,E05000821,Bowdon,Tigrinya,0
Ward,2011,E05000821,Bowdon,Somali,0
Ward,2011,E05000821,Bowdon,Krio,0
Ward,2011,E05000821,Bowdon,Akan,0
Ward,2011,E05000821,Bowdon,Yoruba,0
Ward,2011,E05000821,Bowdon,Igbo,0
Ward,2011,E05000821,Bowdon,Swahili/Kiswahili,0
Ward,2011,E05000821,Bowdon,Luganda,0
Ward,2011,E05000821,Bowdon,Lingala,0
Ward,2011,E05000821,Bowdon,Shona,0
Ward,2011,E05000821,Bowdon,Afrikaans,2
Ward,2011,E05000821,Bowdon,Any other Nigerian language,0
Ward,2011,E05000821,Bowdon,West African language (all other),0
Ward,2011,E05000821,Bowdon,African language (all other),0
Ward,2011,E05000821,Bowdon,All other languages,1
Ward,2011,E05000821,Bowdon,British sign language,1
Ward,2011,E05000821,Bowdon,Sign Language (all other),0
Ward,2011,E05000821,Bowdon,Any Sign Communication System,0
Ward,2011,E05000822,Broadheath,English (English or Welsh if in Wales),11333
Ward,2011,E05000822,Broadheath,Welsh/Cymraeg (in England only),13
Ward,2011,E05000822,Broadheath,Gaelic (Irish),0
Ward,2011,E05000822,Broadheath,Gaelic (Scottish),0
Ward,2011,E05000822,Broadheath,Manx Gaelic,0
Ward,2011,E05000822,Broadheath,Gaelic (Not otherwise specified),0
Ward,2011,E05000822,Broadheath,Cornish,0
Ward,2011,E05000822,Broadheath,Scots,0
Ward,2011,E05000822,Broadheath,Gypsy/Traveller languages,0
Ward,2011,E05000822,Broadheath,French,19
Ward,2011,E05000822,Broadheath,Portuguese,9
Ward,2011,E05000822,Broadheath,Spanish,24
Ward,2011,E05000822,Broadheath,Italian,6
Ward,2011,E05000822,Broadheath,German,19
Ward,2011,E05000822,Broadheath,Polish,120
Ward,2011,E05000822,Broadheath,Slovak,19
Ward,2011,E05000822,Broadheath,Czech,4
Ward,2011,E05000822,Broadheath,Romanian,8
Ward,2011,E05000822,Broadheath,Lithuanian,5
Ward,2011,E05000822,Broadheath,Latvian,1
Ward,2011,E05000822,Broadheath,Hungarian,4
Ward,2011,E05000822,Broadheath,Bulgarian,0
Ward,2011,E05000822,Broadheath,Greek,9
Ward,2011,E05000822,Broadheath,Dutch,5
Ward,2011,E05000822,Broadheath,Swedish,4
Ward,2011,E05000822,Broadheath,Danish,3
Ward,2011,E05000822,Broadheath,Finnish,0
Ward,2011,E05000822,Broadheath,Estonian,0
Ward,2011,E05000822,Broadheath,Slovenian,0
Ward,2011,E05000822,Broadheath,Maltese,1
Ward,2011,E05000822,Broadheath,Any other European Language (EU),0
Ward,2011,E05000822,Broadheath,Albanian,1
Ward,2011,E05000822,Broadheath,Serbian/Croatian/Bosnian,3
Ward,2011,E05000822,Broadheath,Ukrainian,1
Ward,2011,E05000822,Broadheath,Any other Eastern European Language (non EU),0
Ward,2011,E05000822,Broadheath,Northern European Language (non EU),0
Ward,2011,E05000822,Broadheath,Romani language (any),0
Ward,2011,E05000822,Broadheath,Yiddish,0
Ward,2011,E05000822,Broadheath,Russian,8
Ward,2011,E05000822,Broadheath,Turkish,14
Ward,2011,E05000822,Broadheath,Arabic,34
Ward,2011,E05000822,Broadheath,Hebrew,0
Ward,2011,E05000822,Broadheath,Kurdish,6
Ward,2011,E05000822,Broadheath,Persian/Farsi,9
Ward,2011,E05000822,Broadheath,Pashto,0
Ward,2011,E05000822,Broadheath,West/Central Asian Language (all other),2
Ward,2011,E05000822,Broadheath,Urdu,35
Ward,2011,E05000822,Broadheath,Hindi,17
Ward,2011,E05000822,Broadheath,Panjabi,21
Ward,2011,E05000822,Broadheath,Pakistani Pahari (with Mirpuri and Potwari),1
Ward,2011,E05000822,Broadheath,Bengali (with Sylheti and Chatgaya),18
Ward,2011,E05000822,Broadheath,Gujarati,10
Ward,2011,E05000822,Broadheath,Marathi,1
Ward,2011,E05000822,Broadheath,Telugu,9
Ward,2011,E05000822,Broadheath,Tamil,11
Ward,2011,E05000822,Broadheath,Malayalam,23
Ward,2011,E05000822,Broadheath,Sinhala,0
Ward,2011,E05000822,Broadheath,Nepalese,0
Ward,2011,E05000822,Broadheath,South Asian Language (all other),7
Ward,2011,E05000822,Broadheath,Mandarin Chinese,12
Ward,2011,E05000822,Broadheath,Cantonese Chinese,27
Ward,2011,E05000822,Broadheath,All other Chinese,61
Ward,2011,E05000822,Broadheath,Japanese,5
Ward,2011,E05000822,Broadheath,Korean,9
Ward,2011,E05000822,Broadheath,Vietnamese,0
Ward,2011,E05000822,Broadheath,Thai,5
Ward,2011,E05000822,Broadheath,Malay,2
Ward,2011,E05000822,Broadheath,Tagalog/Filipino,7
Ward,2011,E05000822,Broadheath,East Asian Language (all other),0
Ward,2011,E05000822,Broadheath,Oceanic/Australian language (any),1
Ward,2011,E05000822,Broadheath,North/South American language (any),0
Ward,2011,E05000822,Broadheath,Caribbean Creole (English-based),0
Ward,2011,E05000822,Broadheath,Caribbean Creole (all other),0
Ward,2011,E05000822,Broadheath,Amharic,1
Ward,2011,E05000822,Broadheath,Tigrinya,0
Ward,2011,E05000822,Broadheath,Somali,0
Ward,2011,E05000822,Broadheath,Krio,0
Ward,2011,E05000822,Broadheath,Akan,0
Ward,2011,E05000822,Broadheath,Yoruba,1
Ward,2011,E05000822,Broadheath,Igbo,1
Ward,2011,E05000822,Broadheath,Swahili/Kiswahili,1
Ward,2011,E05000822,Broadheath,Luganda,0
Ward,2011,E05000822,Broadheath,Lingala,0
Ward,2011,E05000822,Broadheath,Shona,1
Ward,2011,E05000822,Broadheath,Afrikaans,1
Ward,2011,E05000822,Broadheath,Any other Nigerian language,0
Ward,2011,E05000822,Broadheath,West African language (all other),0
Ward,2011,E05000822,Broadheath,African language (all other),6
Ward,2011,E05000822,Broadheath,All other languages,1
Ward,2011,E05000822,Broadheath,British sign language,5
Ward,2011,E05000822,Broadheath,Sign Language (all other),0
Ward,2011,E05000822,Broadheath,Any Sign Communication System,1
Ward,2011,E05000823,Brooklands,English (English or Welsh if in Wales),9607
Ward,2011,E05000823,Brooklands,Welsh/Cymraeg (in England only),3
Ward,2011,E05000823,Brooklands,Gaelic (Irish),1
Ward,2011,E05000823,Brooklands,Gaelic (Scottish),0
Ward,2011,E05000823,Brooklands,Manx Gaelic,0
Ward,2011,E05000823,Brooklands,Gaelic (Not otherwise specified),0
Ward,2011,E05000823,Brooklands,Cornish,0
Ward,2011,E05000823,Brooklands,Scots,0
Ward,2011,E05000823,Brooklands,Gypsy/Traveller languages,0
Ward,2011,E05000823,Brooklands,French,24
Ward,2011,E05000823,Brooklands,Portuguese,6
Ward,2011,E05000823,Brooklands,Spanish,25
Ward,2011,E05000823,Brooklands,Italian,7
Ward,2011,E05000823,Brooklands,German,6
Ward,2011,E05000823,Brooklands,Polish,52
Ward,2011,E05000823,Brooklands,Slovak,3
Ward,2011,E05000823,Brooklands,Czech,2
Ward,2011,E05000823,Brooklands,Romanian,7
Ward,2011,E05000823,Brooklands,Lithuanian,0
Ward,2011,E05000823,Brooklands,Latvian,0
Ward,2011,E05000823,Brooklands,Hungarian,2
Ward,2011,E05000823,Brooklands,Bulgarian,5
Ward,2011,E05000823,Brooklands,Greek,8
Ward,2011,E05000823,Brooklands,Dutch,3
Ward,2011,E05000823,Brooklands,Swedish,2
Ward,2011,E05000823,Brooklands,Danish,1
Ward,2011,E05000823,Brooklands,Finnish,1
Ward,2011,E05000823,Brooklands,Estonian,0
Ward,2011,E05000823,Brooklands,Slovenian,0
Ward,2011,E05000823,Brooklands,Maltese,1
Ward,2011,E05000823,Brooklands,Any other European Language (EU),0
Ward,2011,E05000823,Brooklands,Albanian,1
Ward,2011,E05000823,Brooklands,Serbian/Croatian/Bosnian,4
Ward,2011,E05000823,Brooklands,Ukrainian,0
Ward,2011,E05000823,Brooklands,Any other Eastern European Language (non EU),0
Ward,2011,E05000823,Brooklands,Northern European Language (non EU),1
Ward,2011,E05000823,Brooklands,Romani language (any),0
Ward,2011,E05000823,Brooklands,Yiddish,0
Ward,2011,E05000823,Brooklands,Russian,7
Ward,2011,E05000823,Brooklands,Turkish,9
Ward,2011,E05000823,Brooklands,Arabic,39
Ward,2011,E05000823,Brooklands,Hebrew,0
Ward,2011,E05000823,Brooklands,Kurdish,0
Ward,2011,E05000823,Brooklands,Persian/Farsi,20
Ward,2011,E05000823,Brooklands,Pashto,1
Ward,2011,E05000823,Brooklands,West/Central Asian Language (all other),0
Ward,2011,E05000823,Brooklands,Urdu,23
Ward,2011,E05000823,Brooklands,Hindi,6
Ward,2011,E05000823,Brooklands,Panjabi,7
Ward,2011,E05000823,Brooklands,Pakistani Pahari (with Mirpuri and Potwari),0
Ward,2011,E05000823,Brooklands,Bengali (with Sylheti and Chatgaya),11
Ward,2011,E05000823,Brooklands,Gujarati,7
Ward,2011,E05000823,Brooklands,Marathi,6
Ward,2011,E05000823,Brooklands,Telugu,7
Ward,2011,E05000823,Brooklands,Tamil,8
Ward,2011,E05000823,Brooklands,Malayalam,0
Ward,2011,E05000823,Brooklands,Sinhala,3
Ward,2011,E05000823,Brooklands,Nepalese,0
Ward,2011,E05000823,Brooklands,South Asian Language (all other),0
Ward,2011,E05000823,Brooklands,Mandarin Chinese,13
Ward,2011,E05000823,Brooklands,Cantonese Chinese,12
Ward,2011,E05000823,Brooklands,All other Chinese,57
Ward,2011,E05000823,Brooklands,Japanese,4
Ward,2011,E05000823,Brooklands,Korean,2
Ward,2011,E05000823,Brooklands,Vietnamese,0
Ward,2011,E05000823,Brooklands,Thai,9
Ward,2011,E05000823,Brooklands,Malay,1
Ward,2011,E05000823,Brooklands,Tagalog/Filipino,1
Ward,2011,E05000823,Brooklands,East Asian Language (all other),2
Ward,2011,E05000823,Brooklands,Oceanic/Australian language (any),0
Ward,2011,E05000823,Brooklands,North/South American language (any),0
Ward,2011,E05000823,Brooklands,Caribbean Creole (English-based),0
Ward,2011,E05000823,Brooklands,Caribbean Creole (all other),0
Ward,2011,E05000823,Brooklands,Amharic,0
Ward,2011,E05000823,Brooklands,Tigrinya,0
Ward,2011,E05000823,Brooklands,Somali,0
Ward,2011,E05000823,Brooklands,Krio,0
Ward,2011,E05000823,Brooklands,Akan,0
Ward,2011,E05000823,Brooklands,Yoruba,0
Ward,2011,E05000823,Brooklands,Igbo,0
Ward,2011,E05000823,Brooklands,Swahili/Kiswahili,0
Ward,2011,E05000823,Brooklands,Luganda,0
Ward,2011,E05000823,Brooklands,Lingala,0
Ward,2011,E05000823,Brooklands,Shona,0
Ward,2011,E05000823,Brooklands,Afrikaans,6
Ward,2011,E05000823,Brooklands,Any other Nigerian language,1
Ward,2011,E05000823,Brooklands,West African language (all other),0
Ward,2011,E05000823,Brooklands,African language (all other),6
Ward,2011,E05000823,Brooklands,All other languages,1
Ward,2011,E05000823,Brooklands,British sign language,3
Ward,2011,E05000823,Brooklands,Sign Language (all other),0
Ward,2011,E05000823,Brooklands,Any Sign Communication System,0
Ward,2011,E05000824,Bucklow-St Martins,English (English or Welsh if in Wales),9568
Ward,2011,E05000824,Bucklow-St Martins,Welsh/Cymraeg (in England only),0
Ward,2011,E05000824,Bucklow-St Martins,Gaelic (Irish),0
Ward,2011,E05000824,Bucklow-St Martins,Gaelic (Scottish),0
Ward,2011,E05000824,Bucklow-St Martins,Manx Gaelic,0
Ward,2011,E05000824,Bucklow-St Martins,Gaelic (Not otherwise specified),0
Ward,2011,E05000824,Bucklow-St Martins,Cornish,0
Ward,2011,E05000824,Bucklow-St Martins,Scots,0
Ward,2011,E05000824,Bucklow-St Martins,Gypsy/Traveller languages,0
Ward,2011,E05000824,Bucklow-St Martins,French,16
Ward,2011,E05000824,Bucklow-St Martins,Portuguese,7
Ward,2011,E05000824,Bucklow-St Martins,Spanish,6
Ward,2011,E05000824,Bucklow-St Martins,Italian,4
Ward,2011,E05000824,Bucklow-St Martins,German,5
Ward,2011,E05000824,Bucklow-St Martins,Polish,75
Ward,2011,E05000824,Bucklow-St Martins,Slovak,0
Ward,2011,E05000824,Bucklow-St Martins,Czech,3
Ward,2011,E05000824,Bucklow-St Martins,Romanian,1
Ward,2011,E05000824,Bucklow-St Martins,Lithuanian,4
Ward,2011,E05000824,Bucklow-St Martins,Latvian,0
Ward,2011,E05000824,Bucklow-St Martins,Hungarian,5
Ward,2011,E05000824,Bucklow-St Martins,Bulgarian,1
Ward,2011,E05000824,Bucklow-St Martins,Greek,1
Ward,2011,E05000824,Bucklow-St Martins,Dutch,8
Ward,2011,E05000824,Bucklow-St Martins,Swedish,5
Ward,2011,E05000824,Bucklow-St Martins,Danish,0
Ward,2011,E05000824,Bucklow-St Martins,Finnish,1
Ward,2011,E05000824,Bucklow-St Martins,Estonian,0
Ward,2011,E05000824,Bucklow-St Martins,Slovenian,0
Ward,2011,E05000824,Bucklow-St Martins,Maltese,0
Ward,2011,E05000824,Bucklow-St Martins,Any other European Language (EU),0
Ward,2011,E05000824,Bucklow-St Martins,Albanian,0
Ward,2011,E05000824,Bucklow-St Martins,Serbian/Croatian/Bosnian,1
Ward,2011,E05000824,Bucklow-St Martins,Ukrainian,0
Ward,2011,E05000824,Bucklow-St Martins,Any other Eastern European Language (non EU),0
Ward,2011,E05000824,Bucklow-St Martins,Northern European Language (non EU),0
Ward,2011,E05000824,Bucklow-St Martins,Romani language (any),0
Ward,2011,E05000824,Bucklow-St Martins,Yiddish,0
Ward,2011,E05000824,Bucklow-St Martins,Russian,5
Ward,2011,E05000824,Bucklow-St Martins,Turkish,4
Ward,2011,E05000824,Bucklow-St Martins,Arabic,13
Ward,2011,E05000824,Bucklow-St Martins,Hebrew,0
Ward,2011,E05000824,Bucklow-St Martins,Kurdish,0
Ward,2011,E05000824,Bucklow-St Martins,Persian/Farsi,7
Ward,2011,E05000824,Bucklow-St Martins,Pashto,0
Ward,2011,E05000824,Bucklow-St Martins,West/Central Asian Language (all other),0
Ward,2011,E05000824,Bucklow-St Martins,Urdu,8
Ward,2011,E05000824,Bucklow-St Martins,Hindi,0
Ward,2011,E05000824,Bucklow-St Martins,Panjabi,8
Ward,2011,E05000824,Bucklow-St Martins,Pakistani Pahari (with Mirpuri and Potwari),0
Ward,2011,E05000824,Bucklow-St Martins,Bengali (with Sylheti and Chatgaya),3
Ward,2011,E05000824,Bucklow-St Martins,Gujarati,0
Ward,2011,E05000824,Bucklow-St Martins,Marathi,0
Ward,2011,E05000824,Bucklow-St Martins,Telugu,0
Ward,2011,E05000824,Bucklow-St Martins,Tamil,0
Ward,2011,E05000824,Bucklow-St Martins,Malayalam,2
Ward,2011,E05000824,Bucklow-St Martins,Sinhala,0
Ward,2011,E05000824,Bucklow-St Martins,Nepalese,0
Ward,2011,E05000824,Bucklow-St Martins,South Asian Language (all other),0
Ward,2011,E05000824,Bucklow-St Martins,Mandarin Chinese,1
Ward,2011,E05000824,Bucklow-St Martins,Cantonese Chinese,1
Ward,2011,E05000824,Bucklow-St Martins,All other Chinese,8
Ward,2011,E05000824,Bucklow-St Martins,Japanese,1
Ward,2011,E05000824,Bucklow-St Martins,Korean,2
Ward,2011,E05000824,Bucklow-St Martins,Vietnamese,0
Ward,2011,E05000824,Bucklow-St Martins,Thai,5
Ward,2011,E05000824,Bucklow-St Martins,Malay,0
Ward,2011,E05000824,Bucklow-St Martins,Tagalog/Filipino,5
Ward,2011,E05000824,Bucklow-St Martins,East Asian Language (all other),6
Ward,2011,E05000824,Bucklow-St Martins,Oceanic/Australian language (any),0
Ward,2011,E05000824,Bucklow-St Martins,North/South American language (any),0
Ward,2011,E05000824,Bucklow-St Martins,Caribbean Creole (English-based),0
Ward,2011,E05000824,Bucklow-St Martins,Caribbean Creole (all other),0
Ward,2011,E05000824,Bucklow-St Martins,Amharic,0
Ward,2011,E05000824,Bucklow-St Martins,Tigrinya,1
Ward,2011,E05000824,Bucklow-St Martins,Somali,3
Ward,2011,E05000824,Bucklow-St Martins,Krio,3
Ward,2011,E05000824,Bucklow-St Martins,Akan,0
Ward,2011,E05000824,Bucklow-St Martins,Yoruba,2
Ward,2011,E05000824,Bucklow-St Martins,Igbo,0
Ward,2011,E05000824,Bucklow-St Martins,Swahili/Kiswahili,0
Ward,2011,E05000824,Bucklow-St Martins,Luganda,0
Ward,2011,E05000824,Bucklow-St Martins,Lingala,0
Ward,2011,E05000824,Bucklow-St Martins,Shona,5
Ward,2011,E05000824,Bucklow-St Martins,Afrikaans,0
Ward,2011,E05000824,Bucklow-St Martins,Any other Nigerian language,0
Ward,2011,E05000824,Bucklow-St Martins,West African language (all other),2
Ward,2011,E05000824,Bucklow-St Martins,African language (all other),1
Ward,2011,E05000824,Bucklow-St Martins,All other languages,0
Ward,2011,E05000824,Bucklow-St Martins,British sign language,1
Ward,2011,E05000824,Bucklow-St Martins,Sign Language (all other),1
Ward,2011,E05000824,Bucklow-St Martins,Any Sign Communication System,0
Ward,2011,E05000825,Clifford,English (English or Welsh if in Wales),8464
Ward,2011,E05000825,Clifford,Welsh/Cymraeg (in England only),2
Ward,2011,E05000825,Clifford,Gaelic (Irish),2
Ward,2011,E05000825,Clifford,Gaelic (Scottish),0
Ward,2011,E05000825,Clifford,Manx Gaelic,0
Ward,2011,E05000825,Clifford,Gaelic (Not otherwise specified),1
Ward,2011,E05000825,Clifford,Cornish,0
Ward,2011,E05000825,Clifford,Scots,0
Ward,2011,E05000825,Clifford,Gypsy/Traveller languages,0
Ward,2011,E05000825,Clifford,French,37
Ward,2011,E05000825,Clifford,Portuguese,25
Ward,2011,E05000825,Clifford,Spanish,23
Ward,2011,E05000825,Clifford,Italian,8
Ward,2011,E05000825,Clifford,German,28
Ward,2011,E05000825,Clifford,Polish,273
Ward,2011,E05000825,Clifford,Slovak,10
Ward,2011,E05000825,Clifford,Czech,7
Ward,2011,E05000825,Clifford,Romanian,9
Ward,2011,E05000825,Clifford,Lithuanian,7
Ward,2011,E05000825,Clifford,Latvian,0
Ward,2011,E05000825,Clifford,Hungarian,7
Ward,2011,E05000825,Clifford,Bulgarian,8
Ward,2011,E05000825,Clifford,Greek,26
Ward,2011,E05000825,Clifford,Dutch,10
Ward,2011,E05000825,Clifford,Swedish,2
Ward,2011,E05000825,Clifford,Danish,3
Ward,2011,E05000825,Clifford,Finnish,0
Ward,2011,E05000825,Clifford,Estonian,3
Ward,2011,E05000825,Clifford,Slovenian,0
Ward,2011,E05000825,Clifford,Maltese,0
Ward,2011,E05000825,Clifford,Any other European Language (EU),0
Ward,2011,E05000825,Clifford,Albanian,0
Ward,2011,E05000825,Clifford,Serbian/Croatian/Bosnian,5
Ward,2011,E05000825,Clifford,Ukrainian,3
Ward,2011,E05000825,Clifford,Any other Eastern European Language (non EU),0
Ward,2011,E05000825,Clifford,Northern European Language (non EU),2
Ward,2011,E05000825,Clifford,Romani language (any),0
Ward,2011,E05000825,Clifford,Yiddish,0
Ward,2011,E05000825,Clifford,Russian,4
Ward,2011,E05000825,Clifford,Turkish,23
Ward,2011,E05000825,Clifford,Arabic,216
Ward,2011,E05000825,Clifford,Hebrew,0
Ward,2011,E05000825,Clifford,Kurdish,34
Ward,2011,E05000825,Clifford,Persian/Farsi,103
Ward,2011,E05000825,Clifford,Pashto,31
Ward,2011,E05000825,Clifford,West/Central Asian Language (all other),8
Ward,2011,E05000825,Clifford,Urdu,555
Ward,2011,E05000825,Clifford,Hindi,14
Ward,2011,E05000825,Clifford,Panjabi,264
Ward,2011,E05000825,Clifford,Pakistani Pahari (with Mirpuri and Potwari),3
Ward,2011,E05000825,Clifford,Bengali (with Sylheti and Chatgaya),39
Ward,2011,E05000825,Clifford,Gujarati,564
Ward,2011,E05000825,Clifford,Marathi,0
Ward,2011,E05000825,Clifford,Telugu,2
Ward,2011,E05000825,Clifford,Tamil,3
Ward,2011,E05000825,Clifford,Malayalam,1
Ward,2011,E05000825,Clifford,Sinhala,2
Ward,2011,E05000825,Clifford,Nepalese,0
Ward,2011,E05000825,Clifford,South Asian Language (all other),21
Ward,2011,E05000825,Clifford,Mandarin Chinese,14
Ward,2011,E05000825,Clifford,Cantonese Chinese,12
Ward,2011,E05000825,Clifford,All other Chinese,47
Ward,2011,E05000825,Clifford,Japanese,0
Ward,2011,E05000825,Clifford,Korean,3
Ward,2011,E05000825,Clifford,Vietnamese,5
Ward,2011,E05000825,Clifford,Thai,2
Ward,2011,E05000825,Clifford,Malay,10
Ward,2011,E05000825,Clifford,Tagalog/Filipino,4
Ward,2011,E05000825,Clifford,East Asian Language (all other),9
Ward,2011,E05000825,Clifford,Oceanic/Australian language (any),2
Ward,2011,E05000825,Clifford,North/South American language (any),0
Ward,2011,E05000825,Clifford,Caribbean Creole (English-based),1
Ward,2011,E05000825,Clifford,Caribbean Creole (all other),0
Ward,2011,E05000825,Clifford,Amharic,3
Ward,2011,E05000825,Clifford,Tigrinya,28
Ward,2011,E05000825,Clifford,Somali,172
Ward,2011,E05000825,Clifford,Krio,0
Ward,2011,E05000825,Clifford,Akan,0
Ward,2011,E05000825,Clifford,Yoruba,8
Ward,2011,E05000825,Clifford,Igbo,3
Ward,2011,E05000825,Clifford,Swahili/Kiswahili,25
Ward,2011,E05000825,Clifford,Luganda,2
Ward,2011,E05000825,Clifford,Lingala,3
Ward,2011,E05000825,Clifford,Shona,6
Ward,2011,E05000825,Clifford,Afrikaans,0
Ward,2011,E05000825,Clifford,Any other Nigerian language,2
Ward,2011,E05000825,Clifford,West African language (all other),11
Ward,2011,E05000825,Clifford,African language (all other),18
Ward,2011,E05000825,Clifford,All other languages,4
Ward,2011,E05000825,Clifford,British sign language,5
Ward,2011,E05000825,Clifford,Sign Language (all other),3
Ward,2011,E05000825,Clifford,Any Sign Communication System,0
Ward,2011,E05000826,Davyhulme East,English (English or Welsh if in Wales),9205
Ward,2011,E05000826,Davyhulme East,Welsh/Cymraeg (in England only),2
Ward,2011,E05000826,Davyhulme East,Gaelic (Irish),0
Ward,2011,E05000826,Davyhulme East,Gaelic (Scottish),0
Ward,2011,E05000826,Davyhulme East,Manx Gaelic,0
Ward,2011,E05000826,Davyhulme East,Gaelic (Not otherwise specified),0
Ward,2011,E05000826,Davyhulme East,Cornish,0
Ward,2011,E05000826,Davyhulme East,Scots,0
Ward,2011,E05000826,Davyhulme East,Gypsy/Traveller languages,0
Ward,2011,E05000826,Davyhulme East,French,8
Ward,2011,E05000826,Davyhulme East,Portuguese,4
Ward,2011,E05000826,Davyhulme East,Spanish,6
Ward,2011,E05000826,Davyhulme East,Italian,4
Ward,2011,E05000826,Davyhulme East,German,0
Ward,2011,E05000826,Davyhulme East,Polish,9
Ward,2011,E05000826,Davyhulme East,Slovak,6
Ward,2011,E05000826,Davyhulme East,Czech,6
Ward,2011,E05000826,Davyhulme East,Romanian,0
Ward,2011,E05000826,Davyhulme East,Lithuanian,0
Ward,2011,E05000826,Davyhulme East,Latvian,0
Ward,2011,E05000826,Davyhulme East,Hungarian,5
Ward,2011,E05000826,Davyhulme East,Bulgarian,0
Ward,2011,E05000826,Davyhulme East,Greek,2
Ward,2011,E05000826,Davyhulme East,Dutch,3
Ward,2011,E05000826,Davyhulme East,Swedish,2
Ward,2011,E05000826,Davyhulme East,Danish,0
Ward,2011,E05000826,Davyhulme East,Finnish,0
Ward,2011,E05000826,Davyhulme East,Estonian,0
Ward,2011,E05000826,Davyhulme East,Slovenian,0
Ward,2011,E05000826,Davyhulme East,Maltese,2
Ward,2011,E05000826,Davyhulme East,Any other European Language (EU),1
Ward,2011,E05000826,Davyhulme East,Albanian,0
Ward,2011,E05000826,Davyhulme East,Serbian/Croatian/Bosnian,2
Ward,2011,E05000826,Davyhulme East,Ukrainian,1
Ward,2011,E05000826,Davyhulme East,Any other Eastern European Language (non EU),0
Ward,2011,E05000826,Davyhulme East,Northern European Language (non EU),0
Ward,2011,E05000826,Davyhulme East,Romani language (any),0
Ward,2011,E05000826,Davyhulme East,Yiddish,0
Ward,2011,E05000826,Davyhulme East,Russian,2
Ward,2011,E05000826,Davyhulme East,Turkish,3
Ward,2011,E05000826,Davyhulme East,Arabic,6
Ward,2011,E05000826,Davyhulme East,Hebrew,2
Ward,2011,E05000826,Davyhulme East,Kurdish,0
Ward,2011,E05000826,Davyhulme East,Persian/Farsi,3
Ward,2011,E05000826,Davyhulme East,Pashto,4
Ward,2011,E05000826,Davyhulme East,West/Central Asian Language (all other),0
Ward,2011,E05000826,Davyhulme East,Urdu,6
Ward,2011,E05000826,Davyhulme East,Hindi,2
Ward,2011,E05000826,Davyhulme East,Panjabi,3
Ward,2011,E05000826,Davyhulme East,Pakistani Pahari (with Mirpuri and Potwari),0
Ward,2011,E05000826,Davyhulme East,Bengali (with Sylheti and Chatgaya),0
Ward,2011,E05000826,Davyhulme East,Gujarati,5
Ward,2011,E05000826,Davyhulme East,Marathi,4
Ward,2011,E05000826,Davyhulme East,Telugu,4
Ward,2011,E05000826,Davyhulme East,Tamil,0
Ward,2011,E05000826,Davyhulme East,Malayalam,4
Ward,2011,E05000826,Davyhulme East,Sinhala,2
Ward,2011,E05000826,Davyhulme East,Nepalese,0
Ward,2011,E05000826,Davyhulme East,South Asian Language (all other),0
Ward,2011,E05000826,Davyhulme East,Mandarin Chinese,4
Ward,2011,E05000826,Davyhulme East,Cantonese Chinese,14
Ward,2011,E05000826,Davyhulme East,All other Chinese,15
Ward,2011,E05000826,Davyhulme East,Japanese,0
Ward,2011,E05000826,Davyhulme East,Korean,2
Ward,2011,E05000826,Davyhulme East,Vietnamese,1
Ward,2011,E05000826,Davyhulme East,Thai,4
Ward,2011,E05000826,Davyhulme East,Malay,0
Ward,2011,E05000826,Davyhulme East,Tagalog/Filipino,12
Ward,2011,E05000826,Davyhulme East,East Asian Language (all other),1
Ward,2011,E05000826,Davyhulme East,Oceanic/Australian language (any),0
Ward,2011,E05000826,Davyhulme East,North/South American language (any),0
Ward,2011,E05000826,Davyhulme East,Caribbean Creole (English-based),0
Ward,2011,E05000826,Davyhulme East,Caribbean Creole (all other),0
Ward,2011,E05000826,Davyhulme East,Amharic,0
Ward,2011,E05000826,Davyhulme East,Tigrinya,1
Ward,2011,E05000826,Davyhulme East,Somali,1
Ward,2011,E05000826,Davyhulme East,Krio,0
Ward,2011,E05000826,Davyhulme East,Akan,0
Ward,2011,E05000826,Davyhulme East,Yoruba,0
Ward,2011,E05000826,Davyhulme East,Igbo,0
Ward,2011,E05000826,Davyhulme East,Swahili/Kiswahili,0
Ward,2011,E05000826,Davyhulme East,Luganda,0
Ward,2011,E05000826,Davyhulme East,Lingala,0
Ward,2011,E05000826,Davyhulme East,Shona,0
Ward,2011,E05000826,Davyhulme East,Afrikaans,0
Ward,2011,E05000826,Davyhulme East,Any other Nigerian language,0
Ward,2011,E05000826,Davyhulme East,West African language (all other),0
Ward,2011,E05000826,Davyhulme East,African language (all other),0
Ward,2011,E05000826,Davyhulme East,All other languages,0
Ward,2011,E05000826,Davyhulme East,British sign language,5
Ward,2011,E05000826,Davyhulme East,Sign Language (all other),1
Ward,2011,E05000826,Davyhulme East,Any Sign Communication System,2
Ward,2011,E05000827,Davyhulme West,English (English or Welsh if in Wales),9396
Ward,2011,E05000827,Davyhulme West,Welsh/Cymraeg (in England only),0
Ward,2011,E05000827,Davyhulme West,Gaelic (Irish),1
Ward,2011,E05000827,Davyhulme West,Gaelic (Scottish),0
Ward,2011,E05000827,Davyhulme West,Manx Gaelic,0
Ward,2011,E05000827,Davyhulme West,Gaelic (Not otherwise specified),0
Ward,2011,E05000827,Davyhulme West,Cornish,0
Ward,2011,E05000827,Davyhulme West,Scots,0
Ward,2011,E05000827,Davyhulme West,Gypsy/Traveller languages,0
Ward,2011,E05000827,Davyhulme West,French,2
Ward,2011,E05000827,Davyhulme West,Portuguese,4
Ward,2011,E05000827,Davyhulme West,Spanish,0
Ward,2011,E05000827,Davyhulme West,Italian,5
Ward,2011,E05000827,Davyhulme West,German,3
Ward,2011,E05000827,Davyhulme West,Polish,14
Ward,2011,E05000827,Davyhulme West,Slovak,0
Ward,2011,E05000827,Davyhulme West,Czech,7
Ward,2011,E05000827,Davyhulme West,Romanian,0
Ward,2011,E05000827,Davyhulme West,Lithuanian,0
Ward,2011,E05000827,Davyhulme West,Latvian,0
Ward,2011,E05000827,Davyhulme West,Hungarian,6
Ward,2011,E05000827,Davyhulme West,Bulgarian,1
Ward,2011,E05000827,Davyhulme West,Greek,1
Ward,2011,E05000827,Davyhulme West,Dutch,4
Ward,2011,E05000827,Davyhulme West,Swedish,1
Ward,2011,E05000827,Davyhulme West,Danish,0
Ward,2011,E05000827,Davyhulme West,Finnish,0
Ward,2011,E05000827,Davyhulme West,Estonian,0
Ward,2011,E05000827,Davyhulme West,Slovenian,0
Ward,2011,E05000827,Davyhulme West,Maltese,0
Ward,2011,E05000827,Davyhulme West,Any other European Language (EU),0
Ward,2011,E05000827,Davyhulme West,Albanian,0
Ward,2011,E05000827,Davyhulme West,Serbian/Croatian/Bosnian,0
Ward,2011,E05000827,Davyhulme West,Ukrainian,0
Ward,2011,E05000827,Davyhulme West,Any other Eastern European Language (non EU),0
Ward,2011,E05000827,Davyhulme West,Northern European Language (non EU),0
Ward,2011,E05000827,Davyhulme West,Romani language (any),0
Ward,2011,E05000827,Davyhulme West,Yiddish,0
Ward,2011,E05000827,Davyhulme West,Russian,2
Ward,2011,E05000827,Davyhulme West,Turkish,0
Ward,2011,E05000827,Davyhulme West,Arabic,10
Ward,2011,E05000827,Davyhulme West,Hebrew,1
Ward,2011,E05000827,Davyhulme West,Kurdish,0
Ward,2011,E05000827,Davyhulme West,Persian/Farsi,3
Ward,2011,E05000827,Davyhulme West,Pashto,0
Ward,2011,E05000827,Davyhulme West,West/Central Asian Language (all other),1
Ward,2011,E05000827,Davyhulme West,Urdu,26
Ward,2011,E05000827,Davyhulme West,Hindi,1
Ward,2011,E05000827,Davyhulme West,Panjabi,4
Ward,2011,E05000827,Davyhulme West,Pakistani Pahari (with Mirpuri and Potwari),0
Ward,2011,E05000827,Davyhulme West,Bengali (with Sylheti and Chatgaya),3
Ward,2011,E05000827,Davyhulme West,Gujarati,5
Ward,2011,E05000827,Davyhulme West,Marathi,0
Ward,2011,E05000827,Davyhulme West,Telugu,3
Ward,2011,E05000827,Davyhulme West,Tamil,0
Ward,2011,E05000827,Davyhulme West,Malayalam,9
Ward,2011,E05000827,Davyhulme West,Sinhala,1
Ward,2011,E05000827,Davyhulme West,Nepalese,0
Ward,2011,E05000827,Davyhulme West,South Asian Language (all other),0
Ward,2011,E05000827,Davyhulme West,Mandarin Chinese,0
Ward,2011,E05000827,Davyhulme West,Cantonese Chinese,3
Ward,2011,E05000827,Davyhulme West,All other Chinese,4
Ward,2011,E05000827,Davyhulme West,Japanese,1
Ward,2011,E05000827,Davyhulme West,Korean,3
Ward,2011,E05000827,Davyhulme West,Vietnamese,0
Ward,2011,E05000827,Davyhulme West,Thai,1
Ward,2011,E05000827,Davyhulme West,Malay,0
Ward,2011,E05000827,Davyhulme West,Tagalog/Filipino,2
Ward,2011,E05000827,Davyhulme West,East Asian Language (all other),1
Ward,2011,E05000827,Davyhulme West,Oceanic/Australian language (any),0
Ward,2011,E05000827,Davyhulme West,North/South American language (any),0
Ward,2011,E05000827,Davyhulme West,Caribbean Creole (English-based),0
Ward,2011,E05000827,Davyhulme West,Caribbean Creole (all other),0
Ward,2011,E05000827,Davyhulme West,Amharic,0
Ward,2011,E05000827,Davyhulme West,Tigrinya,0
Ward,2011,E05000827,Davyhulme West,Somali,3
Ward,2011,E05000827,Davyhulme West,Krio,0
Ward,2011,E05000827,Davyhulme West,Akan,0
Ward,2011,E05000827,Davyhulme West,Yoruba,0
Ward,2011,E05000827,Davyhulme West,Igbo,0
Ward,2011,E05000827,Davyhulme West,Swahili/Kiswahili,0
Ward,2011,E05000827,Davyhulme West,Luganda,0
Ward,2011,E05000827,Davyhulme West,Lingala,0
Ward,2011,E05000827,Davyhulme West,Shona,0
Ward,2011,E05000827,Davyhulme West,Afrikaans,0
Ward,2011,E05000827,Davyhulme West,Any other Nigerian language,0
Ward,2011,E05000827,Davyhulme West,West African language (all other),0
Ward,2011,E05000827,Davyhulme West,African language (all other),9
Ward,2011,E05000827,Davyhulme West,All other languages,0
Ward,2011,E05000827,Davyhulme West,British sign language,1
Ward,2011,E05000827,Davyhulme West,Sign Language (all other),1
Ward,2011,E05000827,Davyhulme West,Any Sign Communication System,1
Ward,2011,E05000828,Flixton,English (English or Welsh if in Wales),10268
Ward,2011,E05000828,Flixton,Welsh/Cymraeg (in England only),1
Ward,2011,E05000828,Flixton,Gaelic (Irish),2
Ward,2011,E05000828,Flixton,Gaelic (Scottish),0
Ward,2011,E05000828,Flixton,Manx Gaelic,0
Ward,2011,E05000828,Flixton,Gaelic (Not otherwise specified),0
Ward,2011,E05000828,Flixton,Cornish,0
Ward,2011,E05000828,Flixton,Scots,0
Ward,2011,E05000828,Flixton,Gypsy/Traveller languages,0
Ward,2011,E05000828,Flixton,French,2
Ward,2011,E05000828,Flixton,Portuguese,0
Ward,2011,E05000828,Flixton,Spanish,3
Ward,2011,E05000828,Flixton,Italian,5
Ward,2011,E05000828,Flixton,German,9
Ward,2011,E05000828,Flixton,Polish,17
Ward,2011,E05000828,Flixton,Slovak,2
Ward,2011,E05000828,Flixton,Czech,1
Ward,2011,E05000828,Flixton,Romanian,0
Ward,2011,E05000828,Flixton,Lithuanian,0
Ward,2011,E05000828,Flixton,Latvian,0
Ward,2011,E05000828,Flixton,Hungarian,5
Ward,2011,E05000828,Flixton,Bulgarian,5
Ward,2011,E05000828,Flixton,Greek,1
Ward,2011,E05000828,Flixton,Dutch,4
Ward,2011,E05000828,Flixton,Swedish,1
Ward,2011,E05000828,Flixton,Danish,0
Ward,2011,E05000828,Flixton,Finnish,1
Ward,2011,E05000828,Flixton,Estonian,0
Ward,2011,E05000828,Flixton,Slovenian,0
Ward,2011,E05000828,Flixton,Maltese,0
Ward,2011,E05000828,Flixton,Any other European Language (EU),1
Ward,2011,E05000828,Flixton,Albanian,0
Ward,2011,E05000828,Flixton,Serbian/Croatian/Bosnian,3
Ward,2011,E05000828,Flixton,Ukrainian,0
Ward,2011,E05000828,Flixton,Any other Eastern European Language (non EU),0
Ward,2011,E05000828,Flixton,Northern European Language (non EU),0
Ward,2011,E05000828,Flixton,Romani language (any),0
Ward,2011,E05000828,Flixton,Yiddish,0
Ward,2011,E05000828,Flixton,Russian,4
Ward,2011,E05000828,Flixton,Turkish,5
Ward,2011,E05000828,Flixton,Arabic,6
Ward,2011,E05000828,Flixton,Hebrew,0
Ward,2011,E05000828,Flixton,Kurdish,0
Ward,2011,E05000828,Flixton,Persian/Farsi,3
Ward,2011,E05000828,Flixton,Pashto,0
Ward,2011,E05000828,Flixton,West/Central Asian Language (all other),0
Ward,2011,E05000828,Flixton,Urdu,8
Ward,2011,E05000828,Flixton,Hindi,2
Ward,2011,E05000828,Flixton,Panjabi,0
Ward,2011,E05000828,Flixton,Pakistani Pahari (with Mirpuri and Potwari),0
Ward,2011,E05000828,Flixton,Bengali (with Sylheti and Chatgaya),1
Ward,2011,E05000828,Flixton,Gujarati,0
Ward,2011,E05000828,Flixton,Marathi,0
Ward,2011,E05000828,Flixton,Telugu,3
Ward,2011,E05000828,Flixton,Tamil,2
Ward,2011,E05000828,Flixton,Malayalam,10
Ward,2011,E05000828,Flixton,Sinhala,0
Ward,2011,E05000828,Flixton,Nepalese,0
Ward,2011,E05000828,Flixton,South Asian Language (all other),0
Ward,2011,E05000828,Flixton,Mandarin Chinese,0
Ward,2011,E05000828,Flixton,Cantonese Chinese,4
Ward,2011,E05000828,Flixton,All other Chinese,15
Ward,2011,E05000828,Flixton,Japanese,1
Ward,2011,E05000828,Flixton,Korean,0
Ward,2011,E05000828,Flixton,Vietnamese,0
Ward,2011,E05000828,Flixton,Thai,12
Ward,2011,E05000828,Flixton,Malay,0
Ward,2011,E05000828,Flixton,Tagalog/Filipino,2
Ward,2011,E05000828,Flixton,East Asian Language (all other),0
Ward,2011,E05000828,Flixton,Oceanic/Australian language (any),0
Ward,2011,E05000828,Flixton,North/South American language (any),0
Ward,2011,E05000828,Flixton,Caribbean Creole (English-based),0
Ward,2011,E05000828,Flixton,Caribbean Creole (all other),0
Ward,2011,E05000828,Flixton,Amharic,0
Ward,2011,E05000828,Flixton,Tigrinya,0
Ward,2011,E05000828,Flixton,Somali,0
Ward,2011,E05000828,Flixton,Krio,0
Ward,2011,E05000828,Flixton,Akan,0
Ward,2011,E05000828,Flixton,Yoruba,0
Ward,2011,E05000828,Flixton,Igbo,0
Ward,2011,E05000828,Flixton,Swahili/Kiswahili,0
Ward,2011,E05000828,Flixton,Luganda,0
Ward,2011,E05000828,Flixton,Lingala,0
Ward,2011,E05000828,Flixton,Shona,0
Ward,2011,E05000828,Flixton,Afrikaans,0
Ward,2011,E05000828,Flixton,Any other Nigerian language,0
Ward,2011,E05000828,Flixton,West African language (all other),2
Ward,2011,E05000828,Flixton,African language (all other),0
Ward,2011,E05000828,Flixton,All other languages,0
Ward,2011,E05000828,Flixton,British sign language,11
Ward,2011,E05000828,Flixton,Sign Language (all other),0
Ward,2011,E05000828,Flixton,Any Sign Communication System,0
Ward,2011,E05000829,Gorse Hill,English (English or Welsh if in Wales),10610
Ward,2011,E05000829,Gorse Hill,Welsh/Cymraeg (in England only),1
Ward,2011,E05000829,Gorse Hill,Gaelic (Irish),3
Ward,2011,E05000829,Gorse Hill,Gaelic (Scottish),0
Ward,2011,E05000829,Gorse Hill,Manx Gaelic,0
Ward,2011,E05000829,Gorse Hill,Gaelic (Not otherwise specified),0
Ward,2011,E05000829,Gorse Hill,Cornish,0
Ward,2011,E05000829,Gorse Hill,Scots,2
Ward,2011,E05000829,Gorse Hill,Gypsy/Traveller languages,0
Ward,2011,E05000829,Gorse Hill,French,10
Ward,2011,E05000829,Gorse Hill,Portuguese,8
Ward,2011,E05000829,Gorse Hill,Spanish,11
Ward,2011,E05000829,Gorse Hill,Italian,6
Ward,2011,E05000829,Gorse Hill,German,11
Ward,2011,E05000829,Gorse Hill,Polish,142
Ward,2011,E05000829,Gorse Hill,Slovak,8
Ward,2011,E05000829,Gorse Hill,Czech,14
Ward,2011,E05000829,Gorse Hill,Romanian,8
Ward,2011,E05000829,Gorse Hill,Lithuanian,1
Ward,2011,E05000829,Gorse Hill,Latvian,2
Ward,2011,E05000829,Gorse Hill,Hungarian,9
Ward,2011,E05000829,Gorse Hill,Bulgarian,5
Ward,2011,E05000829,Gorse Hill,Greek,2
Ward,2011,E05000829,Gorse Hill,Dutch,11
Ward,2011,E05000829,Gorse Hill,Swedish,1
Ward,2011,E05000829,Gorse Hill,Danish,0
Ward,2011,E05000829,Gorse Hill,Finnish,0
Ward,2011,E05000829,Gorse Hill,Estonian,0
Ward,2011,E05000829,Gorse Hill,Slovenian,0
Ward,2011,E05000829,Gorse Hill,Maltese,0
Ward,2011,E05000829,Gorse Hill,Any other European Language (EU),0
Ward,2011,E05000829,Gorse Hill,Albanian,8
Ward,2011,E05000829,Gorse Hill,Serbian/Croatian/Bosnian,0
Ward,2011,E05000829,Gorse Hill,Ukrainian,0
Ward,2011,E05000829,Gorse Hill,Any other Eastern European Language (non EU),0
Ward,2011,E05000829,Gorse Hill,Northern European Language (non EU),1
Ward,2011,E05000829,Gorse Hill,Romani language (any),0
Ward,2011,E05000829,Gorse Hill,Yiddish,0
Ward,2011,E05000829,Gorse Hill,Russian,10
Ward,2011,E05000829,Gorse Hill,Turkish,14
Ward,2011,E05000829,Gorse Hill,Arabic,34
Ward,2011,E05000829,Gorse Hill,Hebrew,0
Ward,2011,E05000829,Gorse Hill,Kurdish,5
Ward,2011,E05000829,Gorse Hill,Persian/Farsi,13
Ward,2011,E05000829,Gorse Hill,Pashto,1
Ward,2011,E05000829,Gorse Hill,West/Central Asian Language (all other),1
Ward,2011,E05000829,Gorse Hill,Urdu,125
Ward,2011,E05000829,Gorse Hill,Hindi,5
Ward,2011,E05000829,Gorse Hill,Panjabi,74
Ward,2011,E05000829,Gorse Hill,Pakistani Pahari (with Mirpuri and Potwari),0
Ward,2011,E05000829,Gorse Hill,Bengali (with Sylheti and Chatgaya),12
Ward,2011,E05000829,Gorse Hill,Gujarati,16
Ward,2011,E05000829,Gorse Hill,Marathi,0
Ward,2011,E05000829,Gorse Hill,Telugu,7
Ward,2011,E05000829,Gorse Hill,Tamil,3
Ward,2011,E05000829,Gorse Hill,Malayalam,18
Ward,2011,E05000829,Gorse Hill,Sinhala,0
Ward,2011,E05000829,Gorse Hill,Nepalese,0
Ward,2011,E05000829,Gorse Hill,South Asian Language (all other),12
Ward,2011,E05000829,Gorse Hill,Mandarin Chinese,7
Ward,2011,E05000829,Gorse Hill,Cantonese Chinese,10
Ward,2011,E05000829,Gorse Hill,All other Chinese,24
Ward,2011,E05000829,Gorse Hill,Japanese,1
Ward,2011,E05000829,Gorse Hill,Korean,0
Ward,2011,E05000829,Gorse Hill,Vietnamese,2
Ward,2011,E05000829,Gorse Hill,Thai,1
Ward,2011,E05000829,Gorse Hill,Malay,1
Ward,2011,E05000829,Gorse Hill,Tagalog/Filipino,14
Ward,2011,E05000829,Gorse Hill,East Asian Language (all other),4
Ward,2011,E05000829,Gorse Hill,Oceanic/Australian language (any),0
Ward,2011,E05000829,Gorse Hill,North/South American language (any),0
Ward,2011,E05000829,Gorse Hill,Caribbean Creole (English-based),0
Ward,2011,E05000829,Gorse Hill,Caribbean Creole (all other),0
Ward,2011,E05000829,Gorse Hill,Amharic,0
Ward,2011,E05000829,Gorse Hill,Tigrinya,0
Ward,2011,E05000829,Gorse Hill,Somali,16
Ward,2011,E05000829,Gorse Hill,Krio,0
Ward,2011,E05000829,Gorse Hill,Akan,2
Ward,2011,E05000829,Gorse Hill,Yoruba,4
Ward,2011,E05000829,Gorse Hill,Igbo,0
Ward,2011,E05000829,Gorse Hill,Swahili/Kiswahili,1
Ward,2011,E05000829,Gorse Hill,Luganda,0
Ward,2011,E05000829,Gorse Hill,Lingala,0
Ward,2011,E05000829,Gorse Hill,Shona,2
Ward,2011,E05000829,Gorse Hill,Afrikaans,0
Ward,2011,E05000829,Gorse Hill,Any other Nigerian language,0
Ward,2011,E05000829,Gorse Hill,West African language (all other),1
Ward,2011,E05000829,Gorse Hill,African language (all other),0
Ward,2011,E05000829,Gorse Hill,All other languages,2
Ward,2011,E05000829,Gorse Hill,British sign language,9
Ward,2011,E05000829,Gorse Hill,Sign Language (all other),0
Ward,2011,E05000829,Gorse Hill,Any Sign Communication System,0
Ward,2011,E05000830,Hale Barns,English (English or Welsh if in Wales),8948
Ward,2011,E05000830,Hale Barns,Welsh/Cymraeg (in England only),2
Ward,2011,E05000830,Hale Barns,Gaelic (Irish),0
Ward,2011,E05000830,Hale Barns,Gaelic (Scottish),0
Ward,2011,E05000830,Hale Barns,Manx Gaelic,0
Ward,2011,E05000830,Hale Barns,Gaelic (Not otherwise specified),0
Ward,2011,E05000830,Hale Barns,Cornish,0
Ward,2011,E05000830,Hale Barns,Scots,0
Ward,2011,E05000830,Hale Barns,Gypsy/Traveller languages,0
Ward,2011,E05000830,Hale Barns,French,11
Ward,2011,E05000830,Hale Barns,Portuguese,12
Ward,2011,E05000830,Hale Barns,Spanish,8
Ward,2011,E05000830,Hale Barns,Italian,8
Ward,2011,E05000830,Hale Barns,German,11
Ward,2011,E05000830,Hale Barns,Polish,32
Ward,2011,E05000830,Hale Barns,Slovak,5
Ward,2011,E05000830,Hale Barns,Czech,5
Ward,2011,E05000830,Hale Barns,Romanian,3
Ward,2011,E05000830,Hale Barns,Lithuanian,0
Ward,2011,E05000830,Hale Barns,Latvian,5
Ward,2011,E05000830,Hale Barns,Hungarian,2
Ward,2011,E05000830,Hale Barns,Bulgarian,3
Ward,2011,E05000830,Hale Barns,Greek,14
Ward,2011,E05000830,Hale Barns,Dutch,10
Ward,2011,E05000830,Hale Barns,Swedish,1
Ward,2011,E05000830,Hale Barns,Danish,1
Ward,2011,E05000830,Hale Barns,Finnish,0
Ward,2011,E05000830,Hale Barns,Estonian,0
Ward,2011,E05000830,Hale Barns,Slovenian,0
Ward,2011,E05000830,Hale Barns,Maltese,0
Ward,2011,E05000830,Hale Barns,Any other European Language (EU),1
Ward,2011,E05000830,Hale Barns,Albanian,10
Ward,2011,E05000830,Hale Barns,Serbian/Croatian/Bosnian,5
Ward,2011,E05000830,Hale Barns,Ukrainian,0
Ward,2011,E05000830,Hale Barns,Any other Eastern European Language (non EU),0
Ward,2011,E05000830,Hale Barns,Northern European Language (non EU),2
Ward,2011,E05000830,Hale Barns,Romani language (any),0
Ward,2011,E05000830,Hale Barns,Yiddish,0
Ward,2011,E05000830,Hale Barns,Russian,5
Ward,2011,E05000830,Hale Barns,Turkish,1
Ward,2011,E05000830,Hale Barns,Arabic,38
Ward,2011,E05000830,Hale Barns,Hebrew,2
Ward,2011,E05000830,Hale Barns,Kurdish,6
Ward,2011,E05000830,Hale Barns,Persian/Farsi,54
Ward,2011,E05000830,Hale Barns,Pashto,2
Ward,2011,E05000830,Hale Barns,West/Central Asian Language (all other),1
Ward,2011,E05000830,Hale Barns,Urdu,86
Ward,2011,E05000830,Hale Barns,Hindi,10
Ward,2011,E05000830,Hale Barns,Panjabi,44
Ward,2011,E05000830,Hale Barns,Pakistani Pahari (with Mirpuri and Potwari),1
Ward,2011,E05000830,Hale Barns,Bengali (with Sylheti and Chatgaya),7
Ward,2011,E05000830,Hale Barns,Gujarati,16
Ward,2011,E05000830,Hale Barns,Marathi,0
Ward,2011,E05000830,Hale Barns,Telugu,1
Ward,2011,E05000830,Hale Barns,Tamil,5
Ward,2011,E05000830,Hale Barns,Malayalam,4
Ward,2011,E05000830,Hale Barns,Sinhala,0
Ward,2011,E05000830,Hale Barns,Nepalese,5
Ward,2011,E05000830,Hale Barns,South Asian Language (all other),5
Ward,2011,E05000830,Hale Barns,Mandarin Chinese,0
Ward,2011,E05000830,Hale Barns,Cantonese Chinese,19
Ward,2011,E05000830,Hale Barns,All other Chinese,12
Ward,2011,E05000830,Hale Barns,Japanese,12
Ward,2011,E05000830,Hale Barns,Korean,1
Ward,2011,E05000830,Hale Barns,Vietnamese,0
Ward,2011,E05000830,Hale Barns,Thai,2
Ward,2011,E05000830,Hale Barns,Malay,2
Ward,2011,E05000830,Hale Barns,Tagalog/Filipino,17
Ward,2011,E05000830,Hale Barns,East Asian Language (all other),8
Ward,2011,E05000830,Hale Barns,Oceanic/Australian language (any),0
Ward,2011,E05000830,Hale Barns,North/South American language (any),0
Ward,2011,E05000830,Hale Barns,Caribbean Creole (English-based),0
Ward,2011,E05000830,Hale Barns,Caribbean Creole (all other),0
Ward,2011,E05000830,Hale Barns,Amharic,0
Ward,2011,E05000830,Hale Barns,Tigrinya,0
Ward,2011,E05000830,Hale Barns,Somali,0
Ward,2011,E05000830,Hale Barns,Krio,0
Ward,2011,E05000830,Hale Barns,Akan,0
Ward,2011,E05000830,Hale Barns,Yoruba,0
Ward,2011,E05000830,Hale Barns,Igbo,0
Ward,2011,E05000830,Hale Barns,Swahili/Kiswahili,0
Ward,2011,E05000830,Hale Barns,Luganda,0
Ward,2011,E05000830,Hale Barns,Lingala,0
Ward,2011,E05000830,Hale Barns,Shona,0
Ward,2011,E05000830,Hale Barns,Afrikaans,0
Ward,2011,E05000830,Hale Barns,Any other Nigerian language,0
Ward,2011,E05000830,Hale Barns,West African language (all other),0
Ward,2011,E05000830,Hale Barns,African language (all other),0
Ward,2011,E05000830,Hale Barns,All other languages,2
Ward,2011,E05000830,Hale Barns,British sign language,1
Ward,2011,E05000830,Hale Barns,Sign Language (all other),0
Ward,2011,E05000830,Hale Barns,Any Sign Communication System,0
Ward,2011,E05000831,Hale Central,English (English or Welsh if in Wales),9505
Ward,2011,E05000831,Hale Central,Welsh/Cymraeg (in England only),7
Ward,2011,E05000831,Hale Central,Gaelic (Irish),0
Ward,2011,E05000831,Hale Central,Gaelic (Scottish),0
Ward,2011,E05000831,Hale Central,Manx Gaelic,0
Ward,2011,E05000831,Hale Central,Gaelic (Not otherwise specified),0
Ward,2011,E05000831,Hale Central,Cornish,0
Ward,2011,E05000831,Hale Central,Scots,0
Ward,2011,E05000831,Hale Central,Gypsy/Traveller languages,0
Ward,2011,E05000831,Hale Central,French,28
Ward,2011,E05000831,Hale Central,Portuguese,1
Ward,2011,E05000831,Hale Central,Spanish,21
Ward,2011,E05000831,Hale Central,Italian,22
Ward,2011,E05000831,Hale Central,German,20
Ward,2011,E05000831,Hale Central,Polish,40
Ward,2011,E05000831,Hale Central,Slovak,32
Ward,2011,E05000831,Hale Central,Czech,13
Ward,2011,E05000831,Hale Central,Romanian,8
Ward,2011,E05000831,Hale Central,Lithuanian,2
Ward,2011,E05000831,Hale Central,Latvian,0
Ward,2011,E05000831,Hale Central,Hungarian,2
Ward,2011,E05000831,Hale Central,Bulgarian,7
Ward,2011,E05000831,Hale Central,Greek,6
Ward,2011,E05000831,Hale Central,Dutch,8
Ward,2011,E05000831,Hale Central,Swedish,8
Ward,2011,E05000831,Hale Central,Danish,0
Ward,2011,E05000831,Hale Central,Finnish,1
Ward,2011,E05000831,Hale Central,Estonian,0
Ward,2011,E05000831,Hale Central,Slovenian,1
Ward,2011,E05000831,Hale Central,Maltese,0
Ward,2011,E05000831,Hale Central,Any other European Language (EU),2
Ward,2011,E05000831,Hale Central,Albanian,3
Ward,2011,E05000831,Hale Central,Serbian/Croatian/Bosnian,4
Ward,2011,E05000831,Hale Central,Ukrainian,0
Ward,2011,E05000831,Hale Central,Any other Eastern European Language (non EU),0
Ward,2011,E05000831,Hale Central,Northern European Language (non EU),0
Ward,2011,E05000831,Hale Central,Romani language (any),0
Ward,2011,E05000831,Hale Central,Yiddish,0
Ward,2011,E05000831,Hale Central,Russian,2
Ward,2011,E05000831,Hale Central,Turkish,0
Ward,2011,E05000831,Hale Central,Arabic,2
Ward,2011,E05000831,Hale Central,Hebrew,6
Ward,2011,E05000831,Hale Central,Kurdish,0
Ward,2011,E05000831,Hale Central,Persian/Farsi,11
Ward,2011,E05000831,Hale Central,Pashto,0
Ward,2011,E05000831,Hale Central,West/Central Asian Language (all other),1
Ward,2011,E05000831,Hale Central,Urdu,29
Ward,2011,E05000831,Hale Central,Hindi,5
Ward,2011,E05000831,Hale Central,Panjabi,3
Ward,2011,E05000831,Hale Central,Pakistani Pahari (with Mirpuri and Potwari),0
Ward,2011,E05000831,Hale Central,Bengali (with Sylheti and Chatgaya),3
Ward,2011,E05000831,Hale Central,Gujarati,4
Ward,2011,E05000831,Hale Central,Marathi,4
Ward,2011,E05000831,Hale Central,Telugu,1
Ward,2011,E05000831,Hale Central,Tamil,6
Ward,2011,E05000831,Hale Central,Malayalam,1
Ward,2011,E05000831,Hale Central,Sinhala,0
Ward,2011,E05000831,Hale Central,Nepalese,7
Ward,2011,E05000831,Hale Central,South Asian Language (all other),6
Ward,2011,E05000831,Hale Central,Mandarin Chinese,2
Ward,2011,E05000831,Hale Central,Cantonese Chinese,2
Ward,2011,E05000831,Hale Central,All other Chinese,25
Ward,2011,E05000831,Hale Central,Japanese,3
Ward,2011,E05000831,Hale Central,Korean,2
Ward,2011,E05000831,Hale Central,Vietnamese,1
Ward,2011,E05000831,Hale Central,Thai,4
Ward,2011,E05000831,Hale Central,Malay,0
Ward,2011,E05000831,Hale Central,Tagalog/Filipino,1
Ward,2011,E05000831,Hale Central,East Asian Language (all other),4
Ward,2011,E05000831,Hale Central,Oceanic/Australian language (any),0
Ward,2011,E05000831,Hale Central,North/South American language (any),0
Ward,2011,E05000831,Hale Central,Caribbean Creole (English-based),0
Ward,2011,E05000831,Hale Central,Caribbean Creole (all other),0
Ward,2011,E05000831,Hale Central,Amharic,0
Ward,2011,E05000831,Hale Central,Tigrinya,0
Ward,2011,E05000831,Hale Central,Somali,1
Ward,2011,E05000831,Hale Central,Krio,0
Ward,2011,E05000831,Hale Central,Akan,0
Ward,2011,E05000831,Hale Central,Yoruba,0
Ward,2011,E05000831,Hale Central,Igbo,0
Ward,2011,E05000831,Hale Central,Swahili/Kiswahili,0
Ward,2011,E05000831,Hale Central,Luganda,0
Ward,2011,E05000831,Hale Central,Lingala,0
Ward,2011,E05000831,Hale Central,Shona,0
Ward,2011,E05000831,Hale Central,Afrikaans,0
Ward,2011,E05000831,Hale Central,Any other Nigerian language,0
Ward,2011,E05000831,Hale Central,West African language (all other),0
Ward,2011,E05000831,Hale Central,African language (all other),1
Ward,2011,E05000831,Hale Central,All other languages,1
Ward,2011,E05000831,Hale Central,British sign language,0
Ward,2011,E05000831,Hale Central,Sign Language (all other),0
Ward,2011,E05000831,Hale Central,Any Sign Communication System,0
Ward,2011,E05000832,Longford,English (English or Welsh if in Wales),9938
Ward,2011,E05000832,Longford,Welsh/Cymraeg (in England only),0
Ward,2011,E05000832,Longford,Gaelic (Irish),0
Ward,2011,E05000832,Longford,Gaelic (Scottish),0
Ward,2011,E05000832,Longford,Manx Gaelic,0
Ward,2011,E05000832,Longford,Gaelic (Not otherwise specified),0
Ward,2011,E05000832,Longford,Cornish,0
Ward,2011,E05000832,Longford,Scots,1
Ward,2011,E05000832,Longford,Gypsy/Traveller languages,0
Ward,2011,E05000832,Longford,French,26
Ward,2011,E05000832,Longford,Portuguese,14
Ward,2011,E05000832,Longford,Spanish,32
Ward,2011,E05000832,Longford,Italian,18
Ward,2011,E05000832,Longford,German,14
Ward,2011,E05000832,Longford,Polish,204
Ward,2011,E05000832,Longford,Slovak,10
Ward,2011,E05000832,Longford,Czech,15
Ward,2011,E05000832,Longford,Romanian,4
Ward,2011,E05000832,Longford,Lithuanian,8
Ward,2011,E05000832,Longford,Latvian,0
Ward,2011,E05000832,Longford,Hungarian,6
Ward,2011,E05000832,Longford,Bulgarian,3
Ward,2011,E05000832,Longford,Greek,18
Ward,2011,E05000832,Longford,Dutch,5
Ward,2011,E05000832,Longford,Swedish,3
Ward,2011,E05000832,Longford,Danish,1
Ward,2011,E05000832,Longford,Finnish,1
Ward,2011,E05000832,Longford,Estonian,0
Ward,2011,E05000832,Longford,Slovenian,0
Ward,2011,E05000832,Longford,Maltese,2
Ward,2011,E05000832,Longford,Any other European Language (EU),1
Ward,2011,E05000832,Longford,Albanian,0
Ward,2011,E05000832,Longford,Serbian/Croatian/Bosnian,0
Ward,2011,E05000832,Longford,Ukrainian,2
Ward,2011,E05000832,Longford,Any other Eastern European Language (non EU),0
Ward,2011,E05000832,Longford,Northern European Language (non EU),0
Ward,2011,E05000832,Longford,Romani language (any),1
Ward,2011,E05000832,Longford,Yiddish,0
Ward,2011,E05000832,Longford,Russian,15
Ward,2011,E05000832,Longford,Turkish,8
Ward,2011,E05000832,Longford,Arabic,115
Ward,2011,E05000832,Longford,Hebrew,0
Ward,2011,E05000832,Longford,Kurdish,16
Ward,2011,E05000832,Longford,Persian/Farsi,25
Ward,2011,E05000832,Longford,Pashto,13
Ward,2011,E05000832,Longford,West/Central Asian Language (all other),0
Ward,2011,E05000832,Longford,Urdu,330
Ward,2011,E05000832,Longford,Hindi,5
Ward,2011,E05000832,Longford,Panjabi,236
Ward,2011,E05000832,Longford,Pakistani Pahari (with Mirpuri and Potwari),6
Ward,2011,E05000832,Longford,Bengali (with Sylheti and Chatgaya),22
Ward,2011,E05000832,Longford,Gujarati,181
Ward,2011,E05000832,Longford,Marathi,0
Ward,2011,E05000832,Longford,Telugu,1
Ward,2011,E05000832,Longford,Tamil,2
Ward,2011,E05000832,Longford,Malayalam,4
Ward,2011,E05000832,Longford,Sinhala,0
Ward,2011,E05000832,Longford,Nepalese,3
Ward,2011,E05000832,Longford,South Asian Language (all other),27
Ward,2011,E05000832,Longford,Mandarin Chinese,5
Ward,2011,E05000832,Longford,Cantonese Chinese,30
Ward,2011,E05000832,Longford,All other Chinese,27
Ward,2011,E05000832,Longford,Japanese,0
Ward,2011,E05000832,Longford,Korean,2
Ward,2011,E05000832,Longford,Vietnamese,2
Ward,2011,E05000832,Longford,Thai,3
Ward,2011,E05000832,Longford,Malay,1
Ward,2011,E05000832,Longford,Tagalog/Filipino,6
Ward,2011,E05000832,Longford,East Asian Language (all other),5
Ward,2011,E05000832,Longford,Oceanic/Australian language (any),0
Ward,2011,E05000832,Longford,North/South American language (any),0
Ward,2011,E05000832,Longford,Caribbean Creole (English-based),0
Ward,2011,E05000832,Longford,Caribbean Creole (all other),0
Ward,2011,E05000832,Longford,Amharic,0
Ward,2011,E05000832,Longford,Tigrinya,2
Ward,2011,E05000832,Longford,Somali,19
Ward,2011,E05000832,Longford,Krio,0
Ward,2011,E05000832,Longford,Akan,3
Ward,2011,E05000832,Longford,Yoruba,2
Ward,2011,E05000832,Longford,Igbo,1
Ward,2011,E05000832,Longford,Swahili/Kiswahili,4
Ward,2011,E05000832,Longford,Luganda,1
Ward,2011,E05000832,Longford,Lingala,0
Ward,2011,E05000832,Longford,Shona,0
Ward,2011,E05000832,Longford,Afrikaans,0
Ward,2011,E05000832,Longford,Any other Nigerian language,0
Ward,2011,E05000832,Longford,West African language (all other),1
Ward,2011,E05000832,Longford,African language (all other),6
Ward,2011,E05000832,Longford,All other languages,9
Ward,2011,E05000832,Longford,British sign language,3
Ward,2011,E05000832,Longford,Sign Language (all other),3
Ward,2011,E05000832,Longford,Any Sign Communication System,0
Ward,2011,E05000833,Priory,English (English or Welsh if in Wales),9482
Ward,2011,E05000833,Priory,Welsh/Cymraeg (in England only),1
Ward,2011,E05000833,Priory,Gaelic (Irish),0
Ward,2011,E05000833,Priory,Gaelic (Scottish),0
Ward,2011,E05000833,Priory,Manx Gaelic,0
Ward,2011,E05000833,Priory,Gaelic (Not otherwise specified),0
Ward,2011,E05000833,Priory,Cornish,0
Ward,2011,E05000833,Priory,Scots,2
Ward,2011,E05000833,Priory,Gypsy/Traveller languages,0
Ward,2011,E05000833,Priory,French,23
Ward,2011,E05000833,Priory,Portuguese,10
Ward,2011,E05000833,Priory,Spanish,23
Ward,2011,E05000833,Priory,Italian,19
Ward,2011,E05000833,Priory,German,18
Ward,2011,E05000833,Priory,Polish,77
Ward,2011,E05000833,Priory,Slovak,4
Ward,2011,E05000833,Priory,Czech,15
Ward,2011,E05000833,Priory,Romanian,0
Ward,2011,E05000833,Priory,Lithuanian,4
Ward,2011,E05000833,Priory,Latvian,3
Ward,2011,E05000833,Priory,Hungarian,1
Ward,2011,E05000833,Priory,Bulgarian,7
Ward,2011,E05000833,Priory,Greek,9
Ward,2011,E05000833,Priory,Dutch,5
Ward,2011,E05000833,Priory,Swedish,2
Ward,2011,E05000833,Priory,Danish,3
Ward,2011,E05000833,Priory,Finnish,2
Ward,2011,E05000833,Priory,Estonian,0
Ward,2011,E05000833,Priory,Slovenian,1
Ward,2011,E05000833,Priory,Maltese,0
Ward,2011,E05000833,Priory,Any other European Language (EU),0
Ward,2011,E05000833,Priory,Albanian,1
Ward,2011,E05000833,Priory,Serbian/Croatian/Bosnian,1
Ward,2011,E05000833,Priory,Ukrainian,0
Ward,2011,E05000833,Priory,Any other Eastern European Language (non EU),1
Ward,2011,E05000833,Priory,Northern European Language (non EU),2
Ward,2011,E05000833,Priory,Romani language (any),0
Ward,2011,E05000833,Priory,Yiddish,1
Ward,2011,E05000833,Priory,Russian,17
Ward,2011,E05000833,Priory,Turkish,7
Ward,2011,E05000833,Priory,Arabic,9
Ward,2011,E05000833,Priory,Hebrew,1
Ward,2011,E05000833,Priory,Kurdish,2
Ward,2011,E05000833,Priory,Persian/Farsi,22
Ward,2011,E05000833,Priory,Pashto,0
Ward,2011,E05000833,Priory,West/Central Asian Language (all other),0
Ward,2011,E05000833,Priory,Urdu,7
Ward,2011,E05000833,Priory,Hindi,47
Ward,2011,E05000833,Priory,Panjabi,0
Ward,2011,E05000833,Priory,Pakistani Pahari (with Mirpuri and Potwari),0
Ward,2011,E05000833,Priory,Bengali (with Sylheti and Chatgaya),7
Ward,2011,E05000833,Priory,Gujarati,10
Ward,2011,E05000833,Priory,Marathi,10
Ward,2011,E05000833,Priory,Telugu,22
Ward,2011,E05000833,Priory,Tamil,24
Ward,2011,E05000833,Priory,Malayalam,10
Ward,2011,E05000833,Priory,Sinhala,2
Ward,2011,E05000833,Priory,Nepalese,0
Ward,2011,E05000833,Priory,South Asian Language (all other),2
Ward,2011,E05000833,Priory,Mandarin Chinese,5
Ward,2011,E05000833,Priory,Cantonese Chinese,26
Ward,2011,E05000833,Priory,All other Chinese,38
Ward,2011,E05000833,Priory,Japanese,6
Ward,2011,E05000833,Priory,Korean,7
Ward,2011,E05000833,Priory,Vietnamese,0
Ward,2011,E05000833,Priory,Thai,18
Ward,2011,E05000833,Priory,Malay,5
Ward,2011,E05000833,Priory,Tagalog/Filipino,0
Ward,2011,E05000833,Priory,East Asian Language (all other),5
Ward,2011,E05000833,Priory,Oceanic/Australian language (any),0
Ward,2011,E05000833,Priory,North/South American language (any),0
Ward,2011,E05000833,Priory,Caribbean Creole (English-based),0
Ward,2011,E05000833,Priory,Caribbean Creole (all other),0
Ward,2011,E05000833,Priory,Amharic,1
Ward,2011,E05000833,Priory,Tigrinya,0
Ward,2011,E05000833,Priory,Somali,0
Ward,2011,E05000833,Priory,Krio,0
Ward,2011,E05000833,Priory,Akan,0
Ward,2011,E05000833,Priory,Yoruba,0
Ward,2011,E05000833,Priory,Igbo,0
Ward,2011,E05000833,Priory,Swahili/Kiswahili,0
Ward,2011,E05000833,Priory,Luganda,1
Ward,2011,E05000833,Priory,Lingala,0
Ward,2011,E05000833,Priory,Shona,0
Ward,2011,E05000833,Priory,Afrikaans,2
Ward,2011,E05000833,Priory,Any other Nigerian language,2
Ward,2011,E05000833,Priory,West African language (all other),0
Ward,2011,E05000833,Priory,African language (all other),3
Ward,2011,E05000833,Priory,All other languages,4
Ward,2011,E05000833,Priory,British sign language,3
Ward,2011,E05000833,Priory,Sign Language (all other),2
Ward,2011,E05000833,Priory,Any Sign Communication System,0
Ward,2011,E05000834,St Mary's,English (English or Welsh if in Wales),10903
Ward,2011,E05000834,St Mary's,Welsh/Cymraeg (in England only),1
Ward,2011,E05000834,St Mary's,Gaelic (Irish),0
Ward,2011,E05000834,St Mary's,Gaelic (Scottish),0
Ward,2011,E05000834,St Mary's,Manx Gaelic,0
Ward,2011,E05000834,St Mary's,Gaelic (Not otherwise specified),0
Ward,2011,E05000834,St Mary's,Cornish,0
Ward,2011,E05000834,St Mary's,Scots,0
Ward,2011,E05000834,St Mary's,Gypsy/Traveller languages,0
Ward,2011,E05000834,St Mary's,French,7
Ward,2011,E05000834,St Mary's,Portuguese,6
Ward,2011,E05000834,St Mary's,Spanish,12
Ward,2011,E05000834,St Mary's,Italian,10
Ward,2011,E05000834,St Mary's,German,11
Ward,2011,E05000834,St Mary's,Polish,51
Ward,2011,E05000834,St Mary's,Slovak,4
Ward,2011,E05000834,St Mary's,Czech,2
Ward,2011,E05000834,St Mary's,Romanian,1
Ward,2011,E05000834,St Mary's,Lithuanian,4
Ward,2011,E05000834,St Mary's,Latvian,0
Ward,2011,E05000834,St Mary's,Hungarian,11
Ward,2011,E05000834,St Mary's,Bulgarian,3
Ward,2011,E05000834,St Mary's,Greek,14
Ward,2011,E05000834,St Mary's,Dutch,1
Ward,2011,E05000834,St Mary's,Swedish,4
Ward,2011,E05000834,St Mary's,Danish,0
Ward,2011,E05000834,St Mary's,Finnish,0
Ward,2011,E05000834,St Mary's,Estonian,0
Ward,2011,E05000834,St Mary's,Slovenian,0
Ward,2011,E05000834,St Mary's,Maltese,1
Ward,2011,E05000834,St Mary's,Any other European Language (EU),0
Ward,2011,E05000834,St Mary's,Albanian,5
Ward,2011,E05000834,St Mary's,Serbian/Croatian/Bosnian,14
Ward,2011,E05000834,St Mary's,Ukrainian,1
Ward,2011,E05000834,St Mary's,Any other Eastern European Language (non EU),0
Ward,2011,E05000834,St Mary's,Northern European Language (non EU),4
Ward,2011,E05000834,St Mary's,Romani language (any),0
Ward,2011,E05000834,St Mary's,Yiddish,0
Ward,2011,E05000834,St Mary's,Russian,2
Ward,2011,E05000834,St Mary's,Turkish,10
Ward,2011,E05000834,St Mary's,Arabic,54
Ward,2011,E05000834,St Mary's,Hebrew,0
Ward,2011,E05000834,St Mary's,Kurdish,10
Ward,2011,E05000834,St Mary's,Persian/Farsi,24
Ward,2011,E05000834,St Mary's,Pashto,0
Ward,2011,E05000834,St Mary's,West/Central Asian Language (all other),2
Ward,2011,E05000834,St Mary's,Urdu,42
Ward,2011,E05000834,St Mary's,Hindi,11
Ward,2011,E05000834,St Mary's,Panjabi,29
Ward,2011,E05000834,St Mary's,Pakistani Pahari (with Mirpuri and Potwari),0
Ward,2011,E05000834,St Mary's,Bengali (with Sylheti and Chatgaya),5
Ward,2011,E05000834,St Mary's,Gujarati,7
Ward,2011,E05000834,St Mary's,Marathi,1
Ward,2011,E05000834,St Mary's,Telugu,8
Ward,2011,E05000834,St Mary's,Tamil,0
Ward,2011,E05000834,St Mary's,Malayalam,2
Ward,2011,E05000834,St Mary's,Sinhala,2
Ward,2011,E05000834,St Mary's,Nepalese,2
Ward,2011,E05000834,St Mary's,South Asian Language (all other),1
Ward,2011,E05000834,St Mary's,Mandarin Chinese,4
Ward,2011,E05000834,St Mary's,Cantonese Chinese,24
Ward,2011,E05000834,St Mary's,All other Chinese,40
Ward,2011,E05000834,St Mary's,Japanese,5
Ward,2011,E05000834,St Mary's,Korean,0
Ward,2011,E05000834,St Mary's,Vietnamese,0
Ward,2011,E05000834,St Mary's,Thai,4
Ward,2011,E05000834,St Mary's,Malay,0
Ward,2011,E05000834,St Mary's,Tagalog/Filipino,5
Ward,2011,E05000834,St Mary's,East Asian Language (all other),0
Ward,2011,E05000834,St Mary's,Oceanic/Australian language (any),0
Ward,2011,E05000834,St Mary's,North/South American language (any),0
Ward,2011,E05000834,St Mary's,Caribbean Creole (English-based),0
Ward,2011,E05000834,St Mary's,Caribbean Creole (all other),0
Ward,2011,E05000834,St Mary's,Amharic,1
Ward,2011,E05000834,St Mary's,Tigrinya,0
Ward,2011,E05000834,St Mary's,Somali,0
Ward,2011,E05000834,St Mary's,Krio,0
Ward,2011,E05000834,St Mary's,Akan,0
Ward,2011,E05000834,St Mary's,Yoruba,2
Ward,2011,E05000834,St Mary's,Igbo,1
Ward,2011,E05000834,St Mary's,Swahili/Kiswahili,0
Ward,2011,E05000834,St Mary's,Luganda,0
Ward,2011,E05000834,St Mary's,Lingala,0
Ward,2011,E05000834,St Mary's,Shona,3
Ward,2011,E05000834,St Mary's,Afrikaans,0
Ward,2011,E05000834,St Mary's,Any other Nigerian language,1
Ward,2011,E05000834,St Mary's,West African language (all other),4
Ward,2011,E05000834,St Mary's,African language (all other),6
Ward,2011,E05000834,St Mary's,All other languages,0
Ward,2011,E05000834,St Mary's,British sign language,3
Ward,2011,E05000834,St Mary's,Sign Language (all other),0
Ward,2011,E05000834,St Mary's,Any Sign Communication System,0
Ward,2011,E05000835,Sale Moor,English (English or Welsh if in Wales),9482
Ward,2011,E05000835,Sale Moor,Welsh/Cymraeg (in England only),6
Ward,2011,E05000835,Sale Moor,Gaelic (Irish),0
Ward,2011,E05000835,Sale Moor,Gaelic (Scottish),0
Ward,2011,E05000835,Sale Moor,Manx Gaelic,0
Ward,2011,E05000835,Sale Moor,Gaelic (Not otherwise specified),0
Ward,2011,E05000835,Sale Moor,Cornish,0
Ward,2011,E05000835,Sale Moor,Scots,0
Ward,2011,E05000835,Sale Moor,Gypsy/Traveller languages,0
Ward,2011,E05000835,Sale Moor,French,13
Ward,2011,E05000835,Sale Moor,Portuguese,13
Ward,2011,E05000835,Sale Moor,Spanish,7
Ward,2011,E05000835,Sale Moor,Italian,13
Ward,2011,E05000835,Sale Moor,German,13
Ward,2011,E05000835,Sale Moor,Polish,44
Ward,2011,E05000835,Sale Moor,Slovak,2
Ward,2011,E05000835,Sale Moor,Czech,0
Ward,2011,E05000835,Sale Moor,Romanian,12
Ward,2011,E05000835,Sale Moor,Lithuanian,1
Ward,2011,E05000835,Sale Moor,Latvian,0
Ward,2011,E05000835,Sale Moor,Hungarian,4
Ward,2011,E05000835,Sale Moor,Bulgarian,1
Ward,2011,E05000835,Sale Moor,Greek,4
Ward,2011,E05000835,Sale Moor,Dutch,4
Ward,2011,E05000835,Sale Moor,Swedish,0
Ward,2011,E05000835,Sale Moor,Danish,1
Ward,2011,E05000835,Sale Moor,Finnish,1
Ward,2011,E05000835,Sale Moor,Estonian,0
Ward,2011,E05000835,Sale Moor,Slovenian,0
Ward,2011,E05000835,Sale Moor,Maltese,2
Ward,2011,E05000835,Sale Moor,Any other European Language (EU),0
Ward,2011,E05000835,Sale Moor,Albanian,6
Ward,2011,E05000835,Sale Moor,Serbian/Croatian/Bosnian,2
Ward,2011,E05000835,Sale Moor,Ukrainian,3
Ward,2011,E05000835,Sale Moor,Any other Eastern European Language (non EU),0
Ward,2011,E05000835,Sale Moor,Northern European Language (non EU),1
Ward,2011,E05000835,Sale Moor,Romani language (any),0
Ward,2011,E05000835,Sale Moor,Yiddish,0
Ward,2011,E05000835,Sale Moor,Russian,11
Ward,2011,E05000835,Sale Moor,Turkish,3
Ward,2011,E05000835,Sale Moor,Arabic,66
Ward,2011,E05000835,Sale Moor,Hebrew,0
Ward,2011,E05000835,Sale Moor,Kurdish,23
Ward,2011,E05000835,Sale Moor,Persian/Farsi,16
Ward,2011,E05000835,Sale Moor,Pashto,0
Ward,2011,E05000835,Sale Moor,West/Central Asian Language (all other),1
Ward,2011,E05000835,Sale Moor,Urdu,25
Ward,2011,E05000835,Sale Moor,Hindi,7
Ward,2011,E05000835,Sale Moor,Panjabi,5
Ward,2011,E05000835,Sale Moor,Pakistani Pahari (with Mirpuri and Potwari),0
Ward,2011,E05000835,Sale Moor,Bengali (with Sylheti and Chatgaya),22
Ward,2011,E05000835,Sale Moor,Gujarati,7
Ward,2011,E05000835,Sale Moor,Marathi,0
Ward,2011,E05000835,Sale Moor,Telugu,2
Ward,2011,E05000835,Sale Moor,Tamil,2
Ward,2011,E05000835,Sale Moor,Malayalam,6
Ward,2011,E05000835,Sale Moor,Sinhala,0
Ward,2011,E05000835,Sale Moor,Nepalese,2
Ward,2011,E05000835,Sale Moor,South Asian Language (all other),2
Ward,2011,E05000835,Sale Moor,Mandarin Chinese,2
Ward,2011,E05000835,Sale Moor,Cantonese Chinese,20
Ward,2011,E05000835,Sale Moor,All other Chinese,26
Ward,2011,E05000835,Sale Moor,Japanese,4
Ward,2011,E05000835,Sale Moor,Korean,6
Ward,2011,E05000835,Sale Moor,Vietnamese,0
Ward,2011,E05000835,Sale Moor,Thai,4
Ward,2011,E05000835,Sale Moor,Malay,5
Ward,2011,E05000835,Sale Moor,Tagalog/Filipino,0
Ward,2011,E05000835,Sale Moor,East Asian Language (all other),2
Ward,2011,E05000835,Sale Moor,Oceanic/Australian language (any),0
Ward,2011,E05000835,Sale Moor,North/South American language (any),0
Ward,2011,E05000835,Sale Moor,Caribbean Creole (English-based),0
Ward,2011,E05000835,Sale Moor,Caribbean Creole (all other),0
Ward,2011,E05000835,Sale Moor,Amharic,0
Ward,2011,E05000835,Sale Moor,Tigrinya,0
Ward,2011,E05000835,Sale Moor,Somali,0
Ward,2011,E05000835,Sale Moor,Krio,0
Ward,2011,E05000835,Sale Moor,Akan,0
Ward,2011,E05000835,Sale Moor,Yoruba,2
Ward,2011,E05000835,Sale Moor,Igbo,1
Ward,2011,E05000835,Sale Moor,Swahili/Kiswahili,1
Ward,2011,E05000835,Sale Moor,Luganda,0
Ward,2011,E05000835,Sale Moor,Lingala,0
Ward,2011,E05000835,Sale Moor,Shona,6
Ward,2011,E05000835,Sale Moor,Afrikaans,1
Ward,2011,E05000835,Sale Moor,Any other Nigerian language,0
Ward,2011,E05000835,Sale Moor,West African language (all other),0
Ward,2011,E05000835,Sale Moor,African language (all other),0
Ward,2011,E05000835,Sale Moor,All other languages,1
Ward,2011,E05000835,Sale Moor,British sign language,0
Ward,2011,E05000835,Sale Moor,Sign Language (all other),0
Ward,2011,E05000835,Sale Moor,Any Sign Communication System,0
Ward,2011,E05000836,Stretford,English (English or Welsh if in Wales),9946
Ward,2011,E05000836,Stretford,Welsh/Cymraeg (in England only),4
Ward,2011,E05000836,Stretford,Gaelic (Irish),0
Ward,2011,E05000836,Stretford,Gaelic (Scottish),0
Ward,2011,E05000836,Stretford,Manx Gaelic,0
Ward,2011,E05000836,Stretford,Gaelic (Not otherwise specified),0
Ward,2011,E05000836,Stretford,Cornish,0
Ward,2011,E05000836,Stretford,Scots,0
Ward,2011,E05000836,Stretford,Gypsy/Traveller languages,0
Ward,2011,E05000836,Stretford,French,14
Ward,2011,E05000836,Stretford,Portuguese,4
Ward,2011,E05000836,Stretford,Spanish,10
Ward,2011,E05000836,Stretford,Italian,2
Ward,2011,E05000836,Stretford,German,15
Ward,2011,E05000836,Stretford,Polish,194
Ward,2011,E05000836,Stretford,Slovak,7
Ward,2011,E05000836,Stretford,Czech,3
Ward,2011,E05000836,Stretford,Romanian,1
Ward,2011,E05000836,Stretford,Lithuanian,4
Ward,2011,E05000836,Stretford,Latvian,2
Ward,2011,E05000836,Stretford,Hungarian,25
Ward,2011,E05000836,Stretford,Bulgarian,0
Ward,2011,E05000836,Stretford,Greek,9
Ward,2011,E05000836,Stretford,Dutch,6
Ward,2011,E05000836,Stretford,Swedish,4
Ward,2011,E05000836,Stretford,Danish,1
Ward,2011,E05000836,Stretford,Finnish,2
Ward,2011,E05000836,Stretford,Estonian,0
Ward,2011,E05000836,Stretford,Slovenian,2
Ward,2011,E05000836,Stretford,Maltese,1
Ward,2011,E05000836,Stretford,Any other European Language (EU),0
Ward,2011,E05000836,Stretford,Albanian,5
Ward,2011,E05000836,Stretford,Serbian/Croatian/Bosnian,0
Ward,2011,E05000836,Stretford,Ukrainian,0
Ward,2011,E05000836,Stretford,Any other Eastern European Language (non EU),0
Ward,2011,E05000836,Stretford,Northern European Language (non EU),0
Ward,2011,E05000836,Stretford,Romani language (any),0
Ward,2011,E05000836,Stretford,Yiddish,0
Ward,2011,E05000836,Stretford,Russian,2
Ward,2011,E05000836,Stretford,Turkish,13
Ward,2011,E05000836,Stretford,Arabic,37
Ward,2011,E05000836,Stretford,Hebrew,0
Ward,2011,E05000836,Stretford,Kurdish,3
Ward,2011,E05000836,Stretford,Persian/Farsi,12
Ward,2011,E05000836,Stretford,Pashto,0
Ward,2011,E05000836,Stretford,West/Central Asian Language (all other),3
Ward,2011,E05000836,Stretford,Urdu,165
Ward,2011,E05000836,Stretford,Hindi,4
Ward,2011,E05000836,Stretford,Panjabi,78
Ward,2011,E05000836,Stretford,Pakistani Pahari (with Mirpuri and Potwari),1
Ward,2011,E05000836,Stretford,Bengali (with Sylheti and Chatgaya),7
Ward,2011,E05000836,Stretford,Gujarati,40
Ward,2011,E05000836,Stretford,Marathi,0
Ward,2011,E05000836,Stretford,Telugu,8
Ward,2011,E05000836,Stretford,Tamil,1
Ward,2011,E05000836,Stretford,Malayalam,13
Ward,2011,E05000836,Stretford,Sinhala,1
Ward,2011,E05000836,Stretford,Nepalese,0
Ward,2011,E05000836,Stretford,South Asian Language (all other),1
Ward,2011,E05000836,Stretford,Mandarin Chinese,0
Ward,2011,E05000836,Stretford,Cantonese Chinese,14
Ward,2011,E05000836,Stretford,All other Chinese,27
Ward,2011,E05000836,Stretford,Japanese,3
Ward,2011,E05000836,Stretford,Korean,9
Ward,2011,E05000836,Stretford,Vietnamese,4
Ward,2011,E05000836,Stretford,Thai,6
Ward,2011,E05000836,Stretford,Malay,0
Ward,2011,E05000836,Stretford,Tagalog/Filipino,3
Ward,2011,E05000836,Stretford,East Asian Language (all other),0
Ward,2011,E05000836,Stretford,Oceanic/Australian language (any),0
Ward,2011,E05000836,Stretford,North/South American language (any),1
Ward,2011,E05000836,Stretford,Caribbean Creole (English-based),0
Ward,2011,E05000836,Stretford,Caribbean Creole (all other),0
Ward,2011,E05000836,Stretford,Amharic,0
Ward,2011,E05000836,Stretford,Tigrinya,1
Ward,2011,E05000836,Stretford,Somali,0
Ward,2011,E05000836,Stretford,Krio,0
Ward,2011,E05000836,Stretford,Akan,0
Ward,2011,E05000836,Stretford,Yoruba,0
Ward,2011,E05000836,Stretford,Igbo,2
Ward,2011,E05000836,Stretford,Swahili/Kiswahili,0
Ward,2011,E05000836,Stretford,Luganda,0
Ward,2011,E05000836,Stretford,Lingala,1
Ward,2011,E05000836,Stretford,Shona,2
Ward,2011,E05000836,Stretford,Afrikaans,0
Ward,2011,E05000836,Stretford,Any other Nigerian language,2
Ward,2011,E05000836,Stretford,West African language (all other),1
Ward,2011,E05000836,Stretford,African language (all other),2
Ward,2011,E05000836,Stretford,All other languages,2
Ward,2011,E05000836,Stretford,British sign language,2
Ward,2011,E05000836,Stretford,Sign Language (all other),1
Ward,2011,E05000836,Stretford,Any Sign Communication System,0
Ward,2011,E05000837,Timperley,English (English or Welsh if in Wales),10478
Ward,2011,E05000837,Timperley,Welsh/Cymraeg (in England only),6
Ward,2011,E05000837,Timperley,Gaelic (Irish),0
Ward,2011,E05000837,Timperley,Gaelic (Scottish),0
Ward,2011,E05000837,Timperley,Manx Gaelic,0
Ward,2011,E05000837,Timperley,Gaelic (Not otherwise specified),0
Ward,2011,E05000837,Timperley,Cornish,0
Ward,2011,E05000837,Timperley,Scots,0
Ward,2011,E05000837,Timperley,Gypsy/Traveller languages,0
Ward,2011,E05000837,Timperley,French,8
Ward,2011,E05000837,Timperley,Portuguese,2
Ward,2011,E05000837,Timperley,Spanish,9
Ward,2011,E05000837,Timperley,Italian,10
Ward,2011,E05000837,Timperley,German,6
Ward,2011,E05000837,Timperley,Polish,29
Ward,2011,E05000837,Timperley,Slovak,7
Ward,2011,E05000837,Timperley,Czech,1
Ward,2011,E05000837,Timperley,Romanian,8
Ward,2011,E05000837,Timperley,Lithuanian,0
Ward,2011,E05000837,Timperley,Latvian,1
Ward,2011,E05000837,Timperley,Hungarian,2
Ward,2011,E05000837,Timperley,Bulgarian,0
Ward,2011,E05000837,Timperley,Greek,1
Ward,2011,E05000837,Timperley,Dutch,4
Ward,2011,E05000837,Timperley,Swedish,0
Ward,2011,E05000837,Timperley,Danish,2
Ward,2011,E05000837,Timperley,Finnish,1
Ward,2011,E05000837,Timperley,Estonian,0
Ward,2011,E05000837,Timperley,Slovenian,0
Ward,2011,E05000837,Timperley,Maltese,0
Ward,2011,E05000837,Timperley,Any other European Language (EU),1
Ward,2011,E05000837,Timperley,Albanian,2
Ward,2011,E05000837,Timperley,Serbian/Croatian/Bosnian,3
Ward,2011,E05000837,Timperley,Ukrainian,3
Ward,2011,E05000837,Timperley,Any other Eastern European Language (non EU),0
Ward,2011,E05000837,Timperley,Northern European Language (non EU),0
Ward,2011,E05000837,Timperley,Romani language (any),0
Ward,2011,E05000837,Timperley,Yiddish,0
Ward,2011,E05000837,Timperley,Russian,6
Ward,2011,E05000837,Timperley,Turkish,6
Ward,2011,E05000837,Timperley,Arabic,9
Ward,2011,E05000837,Timperley,Hebrew,0
Ward,2011,E05000837,Timperley,Kurdish,0
Ward,2011,E05000837,Timperley,Persian/Farsi,9
Ward,2011,E05000837,Timperley,Pashto,0
Ward,2011,E05000837,Timperley,West/Central Asian Language (all other),1
Ward,2011,E05000837,Timperley,Urdu,5
Ward,2011,E05000837,Timperley,Hindi,5
Ward,2011,E05000837,Timperley,Panjabi,1
Ward,2011,E05000837,Timperley,Pakistani Pahari (with Mirpuri and Potwari),0
Ward,2011,E05000837,Timperley,Bengali (with Sylheti and Chatgaya),3
Ward,2011,E05000837,Timperley,Gujarati,8
Ward,2011,E05000837,Timperley,Marathi,0
Ward,2011,E05000837,Timperley,Telugu,0
Ward,2011,E05000837,Timperley,Tamil,5
Ward,2011,E05000837,Timperley,Malayalam,5
Ward,2011,E05000837,Timperley,Sinhala,0
Ward,2011,E05000837,Timperley,Nepalese,0
Ward,2011,E05000837,Timperley,South Asian Language (all other),0
Ward,2011,E05000837,Timperley,Mandarin Chinese,1
Ward,2011,E05000837,Timperley,Cantonese Chinese,6
Ward,2011,E05000837,Timperley,All other Chinese,18
Ward,2011,E05000837,Timperley,Japanese,1
Ward,2011,E05000837,Timperley,Korean,0
Ward,2011,E05000837,Timperley,Vietnamese,0
Ward,2011,E05000837,Timperley,Thai,6
Ward,2011,E05000837,Timperley,Malay,3
Ward,2011,E05000837,Timperley,Tagalog/Filipino,1
Ward,2011,E05000837,Timperley,East Asian Language (all other),0
Ward,2011,E05000837,Timperley,Oceanic/Australian language (any),0
Ward,2011,E05000837,Timperley,North/South American language (any),0
Ward,2011,E05000837,Timperley,Caribbean Creole (English-based),0
Ward,2011,E05000837,Timperley,Caribbean Creole (all other),0
Ward,2011,E05000837,Timperley,Amharic,0
Ward,2011,E05000837,Timperley,Tigrinya,0
Ward,2011,E05000837,Timperley,Somali,0
Ward,2011,E05000837,Timperley,Krio,0
Ward,2011,E05000837,Timperley,Akan,0
Ward,2011,E05000837,Timperley,Yoruba,2
Ward,2011,E05000837,Timperley,Igbo,0
Ward,2011,E05000837,Timperley,Swahili/Kiswahili,0
Ward,2011,E05000837,Timperley,Luganda,0
Ward,2011,E05000837,Timperley,Lingala,0
Ward,2011,E05000837,Timperley,Shona,4
Ward,2011,E05000837,Timperley,Afrikaans,1
Ward,2011,E05000837,Timperley,Any other Nigerian language,0
Ward,2011,E05000837,Timperley,West African language (all other),0
Ward,2011,E05000837,Timperley,African language (all other),0
Ward,2011,E05000837,Timperley,All other languages,1
Ward,2011,E05000837,Timperley,British sign language,2
Ward,2011,E05000837,Timperley,Sign Language (all other),0
Ward,2011,E05000837,Timperley,Any Sign Communication System,0
Ward,2011,E05000838,Urmston,English (English or Welsh if in Wales),10491
Ward,2011,E05000838,Urmston,Welsh/Cymraeg (in England only),3
Ward,2011,E05000838,Urmston,Gaelic (Irish),0
Ward,2011,E05000838,Urmston,Gaelic (Scottish),0
Ward,2011,E05000838,Urmston,Manx Gaelic,0
Ward,2011,E05000838,Urmston,Gaelic (Not otherwise specified),0
Ward,2011,E05000838,Urmston,Cornish,0
Ward,2011,E05000838,Urmston,Scots,0
Ward,2011,E05000838,Urmston,Gypsy/Traveller languages,0
Ward,2011,E05000838,Urmston,French,9
Ward,2011,E05000838,Urmston,Portuguese,0
Ward,2011,E05000838,Urmston,Spanish,4
Ward,2011,E05000838,Urmston,Italian,2
Ward,2011,E05000838,Urmston,German,2
Ward,2011,E05000838,Urmston,Polish,39
Ward,2011,E05000838,Urmston,Slovak,4
Ward,2011,E05000838,Urmston,Czech,1
Ward,2011,E05000838,Urmston,Romanian,6
Ward,2011,E05000838,Urmston,Lithuanian,1
Ward,2011,E05000838,Urmston,Latvian,0
Ward,2011,E05000838,Urmston,Hungarian,7
Ward,2011,E05000838,Urmston,Bulgarian,3
Ward,2011,E05000838,Urmston,Greek,4
Ward,2011,E05000838,Urmston,Dutch,1
Ward,2011,E05000838,Urmston,Swedish,1
Ward,2011,E05000838,Urmston,Danish,4
Ward,2011,E05000838,Urmston,Finnish,2
Ward,2011,E05000838,Urmston,Estonian,1
Ward,2011,E05000838,Urmston,Slovenian,0
Ward,2011,E05000838,Urmston,Maltese,3
Ward,2011,E05000838,Urmston,Any other European Language (EU),0
Ward,2011,E05000838,Urmston,Albanian,3
Ward,2011,E05000838,Urmston,Serbian/Croatian/Bosnian,0
Ward,2011,E05000838,Urmston,Ukrainian,0
Ward,2011,E05000838,Urmston,Any other Eastern European Language (non EU),0
Ward,2011,E05000838,Urmston,Northern European Language (non EU),0
Ward,2011,E05000838,Urmston,Romani language (any),0
Ward,2011,E05000838,Urmston,Yiddish,0
Ward,2011,E05000838,Urmston,Russian,1
Ward,2011,E05000838,Urmston,Turkish,2
Ward,2011,E05000838,Urmston,Arabic,8
Ward,2011,E05000838,Urmston,Hebrew,0
Ward,2011,E05000838,Urmston,Kurdish,0
Ward,2011,E05000838,Urmston,Persian/Farsi,3
Ward,2011,E05000838,Urmston,Pashto,0
Ward,2011,E05000838,Urmston,West/Central Asian Language (all other),2
Ward,2011,E05000838,Urmston,Urdu,21
Ward,2011,E05000838,Urmston,Hindi,3
Ward,2011,E05000838,Urmston,Panjabi,14
Ward,2011,E05000838,Urmston,Pakistani Pahari (with Mirpuri and Potwari),1
Ward,2011,E05000838,Urmston,Bengali (with Sylheti and Chatgaya),8
Ward,2011,E05000838,Urmston,Gujarati,3
Ward,2011,E05000838,Urmston,Marathi,3
Ward,2011,E05000838,Urmston,Telugu,4
Ward,2011,E05000838,Urmston,Tamil,0
Ward,2011,E05000838,Urmston,Malayalam,16
Ward,2011,E05000838,Urmston,Sinhala,0
Ward,2011,E05000838,Urmston,Nepalese,0
Ward,2011,E05000838,Urmston,South Asian Language (all other),2
Ward,2011,E05000838,Urmston,Mandarin Chinese,0
Ward,2011,E05000838,Urmston,Cantonese Chinese,11
Ward,2011,E05000838,Urmston,All other Chinese,35
Ward,2011,E05000838,Urmston,Japanese,3
Ward,2011,E05000838,Urmston,Korean,5
Ward,2011,E05000838,Urmston,Vietnamese,2
Ward,2011,E05000838,Urmston,Thai,2
Ward,2011,E05000838,Urmston,Malay,1
Ward,2011,E05000838,Urmston,Tagalog/Filipino,8
Ward,2011,E05000838,Urmston,East Asian Language (all other),0
Ward,2011,E05000838,Urmston,Oceanic/Australian language (any),0
Ward,2011,E05000838,Urmston,North/South American language (any),0
Ward,2011,E05000838,Urmston,Caribbean Creole (English-based),0
Ward,2011,E05000838,Urmston,Caribbean Creole (all other),0
Ward,2011,E05000838,Urmston,Amharic,0
Ward,2011,E05000838,Urmston,Tigrinya,0
Ward,2011,E05000838,Urmston,Somali,0
Ward,2011,E05000838,Urmston,Krio,0
Ward,2011,E05000838,Urmston,Akan,0
Ward,2011,E05000838,Urmston,Yoruba,2
Ward,2011,E05000838,Urmston,Igbo,0
Ward,2011,E05000838,Urmston,Swahili/Kiswahili,0
Ward,2011,E05000838,Urmston,Luganda,0
Ward,2011,E05000838,Urmston,Lingala,0
Ward,2011,E05000838,Urmston,Shona,0
Ward,2011,E05000838,Urmston,Afrikaans,2
Ward,2011,E05000838,Urmston,Any other Nigerian language,0
Ward,2011,E05000838,Urmston,West African language (all other),1
Ward,2011,E05000838,Urmston,African language (all other),1
Ward,2011,E05000838,Urmston,All other languages,0
Ward,2011,E05000838,Urmston,British sign language,5
Ward,2011,E05000838,Urmston,Sign Language (all other),0
Ward,2011,E05000838,Urmston,Any Sign Communication System,1
Ward,2011,E05000839,Village,English (English or Welsh if in Wales),10077
Ward,2011,E05000839,Village,Welsh/Cymraeg (in England only),3
Ward,2011,E05000839,Village,Gaelic (Irish),0
Ward,2011,E05000839,Village,Gaelic (Scottish),0
Ward,2011,E05000839,Village,Manx Gaelic,0
Ward,2011,E05000839,Village,Gaelic (Not otherwise specified),0
Ward,2011,E05000839,Village,Cornish,0
Ward,2011,E05000839,Village,Scots,0
Ward,2011,E05000839,Village,Gypsy/Traveller languages,0
Ward,2011,E05000839,Village,French,5
Ward,2011,E05000839,Village,Portuguese,6
Ward,2011,E05000839,Village,Spanish,4
Ward,2011,E05000839,Village,Italian,3
Ward,2011,E05000839,Village,German,8
Ward,2011,E05000839,Village,Polish,37
Ward,2011,E05000839,Village,Slovak,3
Ward,2011,E05000839,Village,Czech,2
Ward,2011,E05000839,Village,Romanian,3
Ward,2011,E05000839,Village,Lithuanian,2
Ward,2011,E05000839,Village,Latvian,0
Ward,2011,E05000839,Village,Hungarian,6
Ward,2011,E05000839,Village,Bulgarian,0
Ward,2011,E05000839,Village,Greek,1
Ward,2011,E05000839,Village,Dutch,4
Ward,2011,E05000839,Village,Swedish,0
Ward,2011,E05000839,Village,Danish,0
Ward,2011,E05000839,Village,Finnish,0
Ward,2011,E05000839,Village,Estonian,0
Ward,2011,E05000839,Village,Slovenian,1
Ward,2011,E05000839,Village,Maltese,2
Ward,2011,E05000839,Village,Any other European Language (EU),1
Ward,2011,E05000839,Village,Albanian,12
Ward,2011,E05000839,Village,Serbian/Croatian/Bosnian,1
Ward,2011,E05000839,Village,Ukrainian,0
Ward,2011,E05000839,Village,Any other Eastern European Language (non EU),0
Ward,2011,E05000839,Village,Northern European Language (non EU),1
Ward,2011,E05000839,Village,Romani language (any),0
Ward,2011,E05000839,Village,Yiddish,0
Ward,2011,E05000839,Village,Russian,12
Ward,2011,E05000839,Village,Turkish,0
Ward,2011,E05000839,Village,Arabic,10
Ward,2011,E05000839,Village,Hebrew,0
Ward,2011,E05000839,Village,Kurdish,0
Ward,2011,E05000839,Village,Persian/Farsi,19
Ward,2011,E05000839,Village,Pashto,1
Ward,2011,E05000839,Village,West/Central Asian Language (all other),1
Ward,2011,E05000839,Village,Urdu,19
Ward,2011,E05000839,Village,Hindi,1
Ward,2011,E05000839,Village,Panjabi,17
Ward,2011,E05000839,Village,Pakistani Pahari (with Mirpuri and Potwari),0
Ward,2011,E05000839,Village,Bengali (with Sylheti and Chatgaya),9
Ward,2011,E05000839,Village,Gujarati,2
Ward,2011,E05000839,Village,Marathi,5
Ward,2011,E05000839,Village,Telugu,0
Ward,2011,E05000839,Village,Tamil,9
Ward,2011,E05000839,Village,Malayalam,15
Ward,2011,E05000839,Village,Sinhala,2
Ward,2011,E05000839,Village,Nepalese,0
Ward,2011,E05000839,Village,South Asian Language (all other),0
Ward,2011,E05000839,Village,Mandarin Chinese,3
Ward,2011,E05000839,Village,Cantonese Chinese,6
Ward,2011,E05000839,Village,All other Chinese,29
Ward,2011,E05000839,Village,Japanese,0
Ward,2011,E05000839,Village,Korean,0
Ward,2011,E05000839,Village,Vietnamese,2
Ward,2011,E05000839,Village,Thai,5
Ward,2011,E05000839,Village,Malay,3
Ward,2011,E05000839,Village,Tagalog/Filipino,2
Ward,2011,E05000839,Village,East Asian Language (all other),4
Ward,2011,E05000839,Village,Oceanic/Australian language (any),0
Ward,2011,E05000839,Village,North/South American language (any),0
Ward,2011,E05000839,Village,Caribbean Creole (English-based),0
Ward,2011,E05000839,Village,Caribbean Creole (all other),0
Ward,2011,E05000839,Village,Amharic,0
Ward,2011,E05000839,Village,Tigrinya,0
Ward,2011,E05000839,Village,Somali,0
Ward,2011,E05000839,Village,Krio,0
Ward,2011,E05000839,Village,Akan,0
Ward,2011,E05000839,Village,Yoruba,0
Ward,2011,E05000839,Village,Igbo,2
Ward,2011,E05000839,Village,Swahili/Kiswahili,0
Ward,2011,E05000839,Village,Luganda,0
Ward,2011,E05000839,Village,Lingala,0
Ward,2011,E05000839,Village,Shona,0
Ward,2011,E05000839,Village,Afrikaans,0
Ward,2011,E05000839,Village,Any other Nigerian language,0
Ward,2011,E05000839,Village,West African language (all other),1
Ward,2011,E05000839,Village,African language (all other),0
Ward,2011,E05000839,Village,All other languages,3
Ward,2011,E05000839,Village,British sign language,4
Ward,2011,E05000839,Village,Sign Language (all other),1
Ward,2011,E05000839,Village,Any Sign Communication System,1
